<?xml version='1.0' encoding='UTF-8' standalone='yes' ?>
<gpx xmlns="http://www.topografix.com/GPX/1/1" xmlns:geotracker="http://ilyabogdanovich.com/gpx/extensions/geotracker" xmlns:xsi="http://www.w3.org/2001/XMLSchema-instance" xsi:schemaLocation="http://www.topografix.com/GPX/1/1 http://www.topografix.com/GPX/1/1/gpx.xsd" version="1.1" creator="Recorded in Geo Tracker for Android from Ilya Bogdanovich">
  <metadata>
    <name>22 Jul 2026 8:25:30 am</name>
    <author>
      <name>Recorded in Geo Tracker for Android from Ilya Bogdanovich</name>
      <link href="https://play.google.com/store/apps/details?id=com.ilyabogdanovich.geotracker" />
    </author>
    <link href="https://play.google.com/store/apps/details?id=com.ilyabogdanovich.geotracker" />
    <time>2026-07-22T07:25:30Z</time>
  </metadata>
  <wpt lat="52.49521167" lon="-1.81685167">
    <ele>159.4</ele>
    <time>2026-07-22T07:42:43Z</time>
    <name>Stop for ~2 min</name>
    <desc>Elevation: 523 ft
Time from start: 00:17:12
Distance from start: 3.34 mi</desc>
    <extensions>
      <geotracker:meta emoji="⏱️" />
    </extensions>
  </wpt>
  <wpt lat="52.472815" lon="-1.77164167">
    <ele>146.8</ele>
    <time>2026-07-22T08:01:08Z</time>
    <name>Stop for ~2 min</name>
    <desc>Elevation: 482 ft
Time from start: 00:35:37
Distance from start: 7.15 mi</desc>
    <extensions>
      <geotracker:meta emoji="⏱️" />
    </extensions>
  </wpt>
  <trk>
    <name>22 Jul 2026 8:25:30 am</name>
    <src>Recorded in Geo Tracker for Android from Ilya Bogdanovich</src>
    <link href="https://play.google.com/store/apps/details?id=com.ilyabogdanovich.geotracker" />
    <extensions>
      <geotracker:meta>
        <geotracker:length>11599.93</geotracker:length>
        <geotracker:duration>2208104</geotracker:duration>
        <geotracker:creationtime>2026-07-22T07:25:30Z</geotracker:creationtime>
        <geotracker:activity>0</geotracker:activity>
      </geotracker:meta>
    </extensions>
    <trkseg>
      <trkpt lat="52.472745" lon="-1.77199667">
        <ele>119.3</ele>
        <time>2026-07-22T07:25:35Z</time>
        <extensions>
          <geotracker:meta c="4.73" s="0.3" />
        </extensions>
      </trkpt>
      <trkpt lat="52.472585" lon="-1.7721">
        <ele>129.4</ele>
        <time>2026-07-22T07:26:18Z</time>
        <extensions>
          <geotracker:meta c="3.76" s="2.09" />
        </extensions>
      </trkpt>
      <trkpt lat="52.47249333" lon="-1.77213">
        <ele>141.2</ele>
        <time>2026-07-22T07:26:24Z</time>
        <extensions>
          <geotracker:meta c="3.79" s="2.42" />
        </extensions>
      </trkpt>
      <trkpt lat="52.47249833" lon="-1.77231833">
        <ele>148.5</ele>
        <time>2026-07-22T07:26:35Z</time>
        <extensions>
          <geotracker:meta c="5.25" s="1.36" />
        </extensions>
      </trkpt>
      <trkpt lat="52.472565" lon="-1.77245">
        <ele>150</ele>
        <time>2026-07-22T07:26:41Z</time>
        <extensions>
          <geotracker:meta c="5.36" s="2.11" />
        </extensions>
      </trkpt>
      <trkpt lat="52.47264333" lon="-1.77260667">
        <ele>150</ele>
        <time>2026-07-22T07:26:45Z</time>
        <extensions>
          <geotracker:meta c="5.41" s="2.61" />
        </extensions>
      </trkpt>
      <trkpt lat="52.47272833" lon="-1.77278333">
        <ele>150.4</ele>
        <time>2026-07-22T07:26:48Z</time>
        <extensions>
          <geotracker:meta c="5.4" s="3.34" />
        </extensions>
      </trkpt>
      <trkpt lat="52.47278833" lon="-1.77290833">
        <ele>151.1</ele>
        <time>2026-07-22T07:26:50Z</time>
        <extensions>
          <geotracker:meta c="5.34" s="3.93" />
        </extensions>
      </trkpt>
      <trkpt lat="52.47284667" lon="-1.77303833">
        <ele>151.3</ele>
        <time>2026-07-22T07:26:52Z</time>
        <extensions>
          <geotracker:meta c="5.35" s="4.52" />
        </extensions>
      </trkpt>
      <trkpt lat="52.472945" lon="-1.77325333">
        <ele>151.4</ele>
        <time>2026-07-22T07:26:55Z</time>
        <extensions>
          <geotracker:meta c="5.32" s="5.21" />
        </extensions>
      </trkpt>
      <trkpt lat="52.47301167" lon="-1.77338833">
        <ele>149.3</ele>
        <time>2026-07-22T07:26:57Z</time>
        <extensions>
          <geotracker:meta c="5.34" s="5.57" />
        </extensions>
      </trkpt>
      <trkpt lat="52.47308667" lon="-1.77353333">
        <ele>149.5</ele>
        <time>2026-07-22T07:26:59Z</time>
        <extensions>
          <geotracker:meta c="5.37" s="5.86" />
        </extensions>
      </trkpt>
      <trkpt lat="52.473165" lon="-1.77369">
        <ele>150.1</ele>
        <time>2026-07-22T07:27:01Z</time>
        <extensions>
          <geotracker:meta c="5.41" s="6.15" />
        </extensions>
      </trkpt>
      <trkpt lat="52.473245" lon="-1.77384167">
        <ele>150.7</ele>
        <time>2026-07-22T07:27:03Z</time>
        <extensions>
          <geotracker:meta c="5.43" s="6.41" />
        </extensions>
      </trkpt>
      <trkpt lat="52.47331833" lon="-1.77399833">
        <ele>150</ele>
        <time>2026-07-22T07:27:05Z</time>
        <extensions>
          <geotracker:meta c="5.42" s="6.68" />
        </extensions>
      </trkpt>
      <trkpt lat="52.473405" lon="-1.7742">
        <ele>149.9</ele>
        <time>2026-07-22T07:27:07Z</time>
        <extensions>
          <geotracker:meta c="5.38" s="7.57" />
        </extensions>
      </trkpt>
      <trkpt lat="52.473495" lon="-1.77438167">
        <ele>149.8</ele>
        <time>2026-07-22T07:27:09Z</time>
        <extensions>
          <geotracker:meta c="5.39" s="7.35" />
        </extensions>
      </trkpt>
      <trkpt lat="52.47359167" lon="-1.77455667">
        <ele>149.7</ele>
        <time>2026-07-22T07:27:11Z</time>
        <extensions>
          <geotracker:meta c="5.39" s="7.46" />
        </extensions>
      </trkpt>
      <trkpt lat="52.47367667" lon="-1.774725">
        <ele>150.3</ele>
        <time>2026-07-22T07:27:13Z</time>
        <extensions>
          <geotracker:meta c="5.38" s="7.65" />
        </extensions>
      </trkpt>
      <trkpt lat="52.47376333" lon="-1.7749">
        <ele>151</ele>
        <time>2026-07-22T07:27:15Z</time>
        <extensions>
          <geotracker:meta c="5.41" s="7.61" />
        </extensions>
      </trkpt>
      <trkpt lat="52.473845" lon="-1.77507833">
        <ele>151.5</ele>
        <time>2026-07-22T07:27:17Z</time>
        <extensions>
          <geotracker:meta c="5.43" s="7.19" />
        </extensions>
      </trkpt>
      <trkpt lat="52.473925" lon="-1.775235">
        <ele>151.8</ele>
        <time>2026-07-22T07:27:19Z</time>
        <extensions>
          <geotracker:meta c="5.42" s="6.8" />
        </extensions>
      </trkpt>
      <trkpt lat="52.47400333" lon="-1.775385">
        <ele>151.2</ele>
        <time>2026-07-22T07:27:21Z</time>
        <extensions>
          <geotracker:meta c="5.39" s="6.29" />
        </extensions>
      </trkpt>
      <trkpt lat="52.47407" lon="-1.77552333">
        <ele>152.3</ele>
        <time>2026-07-22T07:27:23Z</time>
        <extensions>
          <geotracker:meta c="5.35" s="5.73" />
        </extensions>
      </trkpt>
      <trkpt lat="52.47413667" lon="-1.77565667">
        <ele>153.2</ele>
        <time>2026-07-22T07:27:25Z</time>
        <extensions>
          <geotracker:meta c="5.41" s="6.15" />
        </extensions>
      </trkpt>
      <trkpt lat="52.47420667" lon="-1.77579833">
        <ele>153.7</ele>
        <time>2026-07-22T07:27:27Z</time>
        <extensions>
          <geotracker:meta c="5.39" s="6.82" />
        </extensions>
      </trkpt>
      <trkpt lat="52.474285" lon="-1.77595833">
        <ele>154.5</ele>
        <time>2026-07-22T07:27:29Z</time>
        <extensions>
          <geotracker:meta c="5.41" s="7.3" />
        </extensions>
      </trkpt>
      <trkpt lat="52.47437167" lon="-1.776125">
        <ele>154.5</ele>
        <time>2026-07-22T07:27:31Z</time>
        <extensions>
          <geotracker:meta c="5.42" s="7.66" />
        </extensions>
      </trkpt>
      <trkpt lat="52.47445333" lon="-1.77629167">
        <ele>154.6</ele>
        <time>2026-07-22T07:27:33Z</time>
        <extensions>
          <geotracker:meta c="5.39" s="7.31" />
        </extensions>
      </trkpt>
      <trkpt lat="52.47452833" lon="-1.77644833">
        <ele>154.6</ele>
        <time>2026-07-22T07:27:35Z</time>
        <extensions>
          <geotracker:meta c="5.37" s="6.31" />
        </extensions>
      </trkpt>
      <trkpt lat="52.474595" lon="-1.77658333">
        <ele>154.5</ele>
        <time>2026-07-22T07:27:37Z</time>
        <extensions>
          <geotracker:meta c="5.41" s="5.57" />
        </extensions>
      </trkpt>
      <trkpt lat="52.47466" lon="-1.77670333">
        <ele>154.5</ele>
        <time>2026-07-22T07:27:39Z</time>
        <extensions>
          <geotracker:meta c="5.41" s="5.63" />
        </extensions>
      </trkpt>
      <trkpt lat="52.47473667" lon="-1.77683667">
        <ele>154.4</ele>
        <time>2026-07-22T07:27:41Z</time>
        <extensions>
          <geotracker:meta c="5.42" s="6.31" />
        </extensions>
      </trkpt>
      <trkpt lat="52.47481333" lon="-1.77697833">
        <ele>153.9</ele>
        <time>2026-07-22T07:27:43Z</time>
        <extensions>
          <geotracker:meta c="5.41" s="6.59" />
        </extensions>
      </trkpt>
      <trkpt lat="52.47488833" lon="-1.777125">
        <ele>153.7</ele>
        <time>2026-07-22T07:27:45Z</time>
        <extensions>
          <geotracker:meta c="5.44" s="6.4" />
        </extensions>
      </trkpt>
      <trkpt lat="52.47496333" lon="-1.77725833">
        <ele>153.1</ele>
        <time>2026-07-22T07:27:47Z</time>
        <extensions>
          <geotracker:meta c="5.44" s="6.27" />
        </extensions>
      </trkpt>
      <trkpt lat="52.47503667" lon="-1.777405">
        <ele>154</ele>
        <time>2026-07-22T07:27:49Z</time>
        <extensions>
          <geotracker:meta c="5.41" s="6.99" />
        </extensions>
      </trkpt>
      <trkpt lat="52.47512167" lon="-1.77756833">
        <ele>152.9</ele>
        <time>2026-07-22T07:27:51Z</time>
        <extensions>
          <geotracker:meta c="5.4" s="7.64" />
        </extensions>
      </trkpt>
      <trkpt lat="52.475215" lon="-1.77774167">
        <ele>155.4</ele>
        <time>2026-07-22T07:27:53Z</time>
        <extensions>
          <geotracker:meta c="5.39" s="7.92" />
        </extensions>
      </trkpt>
      <trkpt lat="52.47529" lon="-1.77790333">
        <ele>156.6</ele>
        <time>2026-07-22T07:27:55Z</time>
        <extensions>
          <geotracker:meta c="5.38" s="5.63" />
        </extensions>
      </trkpt>
      <trkpt lat="52.47536" lon="-1.77804">
        <ele>158.5</ele>
        <time>2026-07-22T07:27:58Z</time>
        <extensions>
          <geotracker:meta c="5.45" s="3.78" />
        </extensions>
      </trkpt>
      <trkpt lat="52.47542333" lon="-1.77815167">
        <ele>160.3</ele>
        <time>2026-07-22T07:28:00Z</time>
        <extensions>
          <geotracker:meta c="5.44" s="5.83" />
        </extensions>
      </trkpt>
      <trkpt lat="52.47550167" lon="-1.7783">
        <ele>160.5</ele>
        <time>2026-07-22T07:28:02Z</time>
        <extensions>
          <geotracker:meta c="5.4" s="7.19" />
        </extensions>
      </trkpt>
      <trkpt lat="52.47558333" lon="-1.77847">
        <ele>160</ele>
        <time>2026-07-22T07:28:04Z</time>
        <extensions>
          <geotracker:meta c="5.35" s="7.29" />
        </extensions>
      </trkpt>
      <trkpt lat="52.47566333" lon="-1.77864667">
        <ele>160</ele>
        <time>2026-07-22T07:28:06Z</time>
        <extensions>
          <geotracker:meta c="5.33" s="7.41" />
        </extensions>
      </trkpt>
      <trkpt lat="52.47573333" lon="-1.77883667">
        <ele>159.9</ele>
        <time>2026-07-22T07:28:08Z</time>
        <extensions>
          <geotracker:meta c="5.23" s="7.36" />
        </extensions>
      </trkpt>
      <trkpt lat="52.47578667" lon="-1.77902667">
        <ele>159.6</ele>
        <time>2026-07-22T07:28:10Z</time>
        <extensions>
          <geotracker:meta c="5.14" s="6.93" />
        </extensions>
      </trkpt>
      <trkpt lat="52.47582167" lon="-1.77920333">
        <ele>158.4</ele>
        <time>2026-07-22T07:28:12Z</time>
        <extensions>
          <geotracker:meta c="5.03" s="6.27" />
        </extensions>
      </trkpt>
      <trkpt lat="52.47585" lon="-1.77936333">
        <ele>157.8</ele>
        <time>2026-07-22T07:28:14Z</time>
        <extensions>
          <geotracker:meta c="5.02" s="5.51" />
        </extensions>
      </trkpt>
      <trkpt lat="52.47587833" lon="-1.77957">
        <ele>157.8</ele>
        <time>2026-07-22T07:28:17Z</time>
        <extensions>
          <geotracker:meta c="4.9" s="4.36" />
        </extensions>
      </trkpt>
      <trkpt lat="52.475895" lon="-1.77972333">
        <ele>157.5</ele>
        <time>2026-07-22T07:28:21Z</time>
        <extensions>
          <geotracker:meta c="4.84" s="1.13" />
        </extensions>
      </trkpt>
      <trkpt lat="52.47590333" lon="-1.77987333">
        <ele>157.6</ele>
        <time>2026-07-22T07:28:27Z</time>
        <extensions>
          <geotracker:meta c="4.82" s="0" />
        </extensions>
      </trkpt>
      <trkpt lat="52.47591" lon="-1.78003333">
        <ele>157.8</ele>
        <time>2026-07-22T07:28:38Z</time>
        <extensions>
          <geotracker:meta c="4.79" s="2.66" />
        </extensions>
      </trkpt>
      <trkpt lat="52.47591667" lon="-1.780185">
        <ele>157.6</ele>
        <time>2026-07-22T07:29:28Z</time>
        <extensions>
          <geotracker:meta c="4.93" s="2.26" />
        </extensions>
      </trkpt>
      <trkpt lat="52.476" lon="-1.78025">
        <ele>157.5</ele>
        <time>2026-07-22T07:29:31Z</time>
        <extensions>
          <geotracker:meta c="6.04" s="4.24" />
        </extensions>
      </trkpt>
      <trkpt lat="52.47614833" lon="-1.78026167">
        <ele>157.3</ele>
        <time>2026-07-22T07:29:34Z</time>
        <extensions>
          <geotracker:meta c="6.23" s="6.04" />
        </extensions>
      </trkpt>
      <trkpt lat="52.47628833" lon="-1.78026">
        <ele>157.2</ele>
        <time>2026-07-22T07:29:36Z</time>
        <extensions>
          <geotracker:meta c="6.24" s="8.32" />
        </extensions>
      </trkpt>
      <trkpt lat="52.47646833" lon="-1.78025833">
        <ele>157.3</ele>
        <time>2026-07-22T07:29:38Z</time>
        <extensions>
          <geotracker:meta c="6.24" s="9.92" />
        </extensions>
      </trkpt>
      <trkpt lat="52.47664333" lon="-1.78026167">
        <ele>157.4</ele>
        <time>2026-07-22T07:29:40Z</time>
        <extensions>
          <geotracker:meta c="6.24" s="9.56" />
        </extensions>
      </trkpt>
      <trkpt lat="52.47682333" lon="-1.780285">
        <ele>157.1</ele>
        <time>2026-07-22T07:29:42Z</time>
        <extensions>
          <geotracker:meta c="6.18" s="10.18" />
        </extensions>
      </trkpt>
      <trkpt lat="52.47692167" lon="-1.78030833">
        <ele>157.2</ele>
        <time>2026-07-22T07:29:43Z</time>
        <extensions>
          <geotracker:meta c="6.12" s="10.66" />
        </extensions>
      </trkpt>
      <trkpt lat="52.47701833" lon="-1.78034">
        <ele>156.8</ele>
        <time>2026-07-22T07:29:44Z</time>
        <extensions>
          <geotracker:meta c="6.07" s="10.84" />
        </extensions>
      </trkpt>
      <trkpt lat="52.47711333" lon="-1.78037667">
        <ele>156.3</ele>
        <time>2026-07-22T07:29:45Z</time>
        <extensions>
          <geotracker:meta c="6.03" s="10.85" />
        </extensions>
      </trkpt>
      <trkpt lat="52.47720833" lon="-1.780425">
        <ele>156.1</ele>
        <time>2026-07-22T07:29:46Z</time>
        <extensions>
          <geotracker:meta c="5.98" s="10.86" />
        </extensions>
      </trkpt>
      <trkpt lat="52.47730167" lon="-1.78047833">
        <ele>155.9</ele>
        <time>2026-07-22T07:29:47Z</time>
        <extensions>
          <geotracker:meta c="5.93" s="10.83" />
        </extensions>
      </trkpt>
      <trkpt lat="52.47739333" lon="-1.780545">
        <ele>157</ele>
        <time>2026-07-22T07:29:48Z</time>
        <extensions>
          <geotracker:meta c="5.86" s="10.85" />
        </extensions>
      </trkpt>
      <trkpt lat="52.47748333" lon="-1.78062167">
        <ele>156.7</ele>
        <time>2026-07-22T07:29:49Z</time>
        <extensions>
          <geotracker:meta c="5.79" s="11.21" />
        </extensions>
      </trkpt>
      <trkpt lat="52.47757333" lon="-1.78070833">
        <ele>156.5</ele>
        <time>2026-07-22T07:29:50Z</time>
        <extensions>
          <geotracker:meta c="5.73" s="11.63" />
        </extensions>
      </trkpt>
      <trkpt lat="52.47766333" lon="-1.7808">
        <ele>156.8</ele>
        <time>2026-07-22T07:29:51Z</time>
        <extensions>
          <geotracker:meta c="5.71" s="11.63" />
        </extensions>
      </trkpt>
      <trkpt lat="52.47775333" lon="-1.78089167">
        <ele>156.9</ele>
        <time>2026-07-22T07:29:52Z</time>
        <extensions>
          <geotracker:meta c="5.7" s="11.77" />
        </extensions>
      </trkpt>
      <trkpt lat="52.47784" lon="-1.78098833">
        <ele>156.8</ele>
        <time>2026-07-22T07:29:53Z</time>
        <extensions>
          <geotracker:meta c="5.69" s="11.61" />
        </extensions>
      </trkpt>
      <trkpt lat="52.47792333" lon="-1.78108">
        <ele>156.9</ele>
        <time>2026-07-22T07:29:54Z</time>
        <extensions>
          <geotracker:meta c="5.68" s="11.12" />
        </extensions>
      </trkpt>
      <trkpt lat="52.478005" lon="-1.78117">
        <ele>157.2</ele>
        <time>2026-07-22T07:29:55Z</time>
        <extensions>
          <geotracker:meta c="5.67" s="10.7" />
        </extensions>
      </trkpt>
      <trkpt lat="52.47807833" lon="-1.78125833">
        <ele>157.2</ele>
        <time>2026-07-22T07:29:56Z</time>
        <extensions>
          <geotracker:meta c="5.65" s="10.2" />
        </extensions>
      </trkpt>
      <trkpt lat="52.47814667" lon="-1.781355">
        <ele>157.2</ele>
        <time>2026-07-22T07:29:57Z</time>
        <extensions>
          <geotracker:meta c="5.58" s="9.81" />
        </extensions>
      </trkpt>
      <trkpt lat="52.47825167" lon="-1.78152667">
        <ele>156.8</ele>
        <time>2026-07-22T07:29:59Z</time>
        <extensions>
          <geotracker:meta c="5.47" s="8.14" />
        </extensions>
      </trkpt>
      <trkpt lat="52.47832167" lon="-1.78164833">
        <ele>156.9</ele>
        <time>2026-07-22T07:30:01Z</time>
        <extensions>
          <geotracker:meta c="5.4" s="4.22" />
        </extensions>
      </trkpt>
      <trkpt lat="52.47833833" lon="-1.781815">
        <ele>157</ele>
        <time>2026-07-22T07:30:10Z</time>
        <extensions>
          <geotracker:meta c="4.65" s="4.16" />
        </extensions>
      </trkpt>
      <trkpt lat="52.478325" lon="-1.78197333">
        <ele>157</ele>
        <time>2026-07-22T07:30:12Z</time>
        <extensions>
          <geotracker:meta c="4.54" s="6.07" />
        </extensions>
      </trkpt>
      <trkpt lat="52.47830833" lon="-1.78214667">
        <ele>156.8</ele>
        <time>2026-07-22T07:30:14Z</time>
        <extensions>
          <geotracker:meta c="4.53" s="6.38" />
        </extensions>
      </trkpt>
      <trkpt lat="52.47825333" lon="-1.782345">
        <ele>156.6</ele>
        <time>2026-07-22T07:30:16Z</time>
        <extensions>
          <geotracker:meta c="4.21" s="7.75" />
        </extensions>
      </trkpt>
      <trkpt lat="52.47817333" lon="-1.78255167">
        <ele>157.1</ele>
        <time>2026-07-22T07:30:18Z</time>
        <extensions>
          <geotracker:meta c="4.1" s="8.85" />
        </extensions>
      </trkpt>
      <trkpt lat="52.47808333" lon="-1.78277">
        <ele>158.8</ele>
        <time>2026-07-22T07:30:20Z</time>
        <extensions>
          <geotracker:meta c="4.08" s="9.23" />
        </extensions>
      </trkpt>
      <trkpt lat="52.477985" lon="-1.78301333">
        <ele>159.9</ele>
        <time>2026-07-22T07:30:22Z</time>
        <extensions>
          <geotracker:meta c="4.11" s="10.55" />
        </extensions>
      </trkpt>
      <trkpt lat="52.47793333" lon="-1.783155">
        <ele>160.4</ele>
        <time>2026-07-22T07:30:23Z</time>
        <extensions>
          <geotracker:meta c="4.13" s="11.33" />
        </extensions>
      </trkpt>
      <trkpt lat="52.47787833" lon="-1.78330167">
        <ele>160.8</ele>
        <time>2026-07-22T07:30:24Z</time>
        <extensions>
          <geotracker:meta c="4.15" s="11.63" />
        </extensions>
      </trkpt>
      <trkpt lat="52.47782833" lon="-1.783455">
        <ele>161</ele>
        <time>2026-07-22T07:30:25Z</time>
        <extensions>
          <geotracker:meta c="4.17" s="11.67" />
        </extensions>
      </trkpt>
      <trkpt lat="52.47778167" lon="-1.78361833">
        <ele>160.9</ele>
        <time>2026-07-22T07:30:26Z</time>
        <extensions>
          <geotracker:meta c="4.22" s="12.21" />
        </extensions>
      </trkpt>
      <trkpt lat="52.47773833" lon="-1.78377833">
        <ele>161.2</ele>
        <time>2026-07-22T07:30:27Z</time>
        <extensions>
          <geotracker:meta c="4.25" s="11.75" />
        </extensions>
      </trkpt>
      <trkpt lat="52.47769333" lon="-1.78393667">
        <ele>161.5</ele>
        <time>2026-07-22T07:30:28Z</time>
        <extensions>
          <geotracker:meta c="4.27" s="11.59" />
        </extensions>
      </trkpt>
      <trkpt lat="52.47765167" lon="-1.78409333">
        <ele>161.7</ele>
        <time>2026-07-22T07:30:29Z</time>
        <extensions>
          <geotracker:meta c="4.29" s="11.57" />
        </extensions>
      </trkpt>
      <trkpt lat="52.47760833" lon="-1.78425167">
        <ele>162</ele>
        <time>2026-07-22T07:30:30Z</time>
        <extensions>
          <geotracker:meta c="4.31" s="11.9" />
        </extensions>
      </trkpt>
      <trkpt lat="52.47756833" lon="-1.78441333">
        <ele>162.2</ele>
        <time>2026-07-22T07:30:31Z</time>
        <extensions>
          <geotracker:meta c="4.33" s="11.67" />
        </extensions>
      </trkpt>
      <trkpt lat="52.47753167" lon="-1.78456667">
        <ele>162.3</ele>
        <time>2026-07-22T07:30:32Z</time>
        <extensions>
          <geotracker:meta c="4.34" s="11.32" />
        </extensions>
      </trkpt>
      <trkpt lat="52.47749667" lon="-1.78472167">
        <ele>162.6</ele>
        <time>2026-07-22T07:30:33Z</time>
        <extensions>
          <geotracker:meta c="4.36" s="11.2" />
        </extensions>
      </trkpt>
      <trkpt lat="52.47746833" lon="-1.78487833">
        <ele>163.8</ele>
        <time>2026-07-22T07:30:34Z</time>
        <extensions>
          <geotracker:meta c="4.39" s="11.17" />
        </extensions>
      </trkpt>
      <trkpt lat="52.47744667" lon="-1.78503667">
        <ele>164.5</ele>
        <time>2026-07-22T07:30:35Z</time>
        <extensions>
          <geotracker:meta c="4.42" s="11.18" />
        </extensions>
      </trkpt>
      <trkpt lat="52.47742" lon="-1.78520333">
        <ele>165.3</ele>
        <time>2026-07-22T07:30:36Z</time>
        <extensions>
          <geotracker:meta c="4.45" s="11.79" />
        </extensions>
      </trkpt>
      <trkpt lat="52.4774" lon="-1.78536667">
        <ele>165.4</ele>
        <time>2026-07-22T07:30:37Z</time>
        <extensions>
          <geotracker:meta c="4.47" s="11.34" />
        </extensions>
      </trkpt>
      <trkpt lat="52.47738" lon="-1.78551167">
        <ele>166</ele>
        <time>2026-07-22T07:30:38Z</time>
        <extensions>
          <geotracker:meta c="4.47" s="10.02" />
        </extensions>
      </trkpt>
      <trkpt lat="52.477355" lon="-1.78575">
        <ele>165.7</ele>
        <time>2026-07-22T07:30:40Z</time>
        <extensions>
          <geotracker:meta c="4.49" s="7.06" />
        </extensions>
      </trkpt>
      <trkpt lat="52.477315" lon="-1.785925">
        <ele>166.3</ele>
        <time>2026-07-22T07:30:43Z</time>
        <extensions>
          <geotracker:meta c="4.27" s="3.41" />
        </extensions>
      </trkpt>
      <trkpt lat="52.47725833" lon="-1.78610333">
        <ele>166.9</ele>
        <time>2026-07-22T07:30:46Z</time>
        <extensions>
          <geotracker:meta c="4.22" s="5.12" />
        </extensions>
      </trkpt>
      <trkpt lat="52.47727" lon="-1.78625">
        <ele>167.1</ele>
        <time>2026-07-22T07:30:48Z</time>
        <extensions>
          <geotracker:meta c="4.88" s="5.27" />
        </extensions>
      </trkpt>
      <trkpt lat="52.47728833" lon="-1.78642667">
        <ele>167.1</ele>
        <time>2026-07-22T07:30:50Z</time>
        <extensions>
          <geotracker:meta c="4.95" s="6.23" />
        </extensions>
      </trkpt>
      <trkpt lat="52.47728" lon="-1.78664667">
        <ele>167</ele>
        <time>2026-07-22T07:30:52Z</time>
        <extensions>
          <geotracker:meta c="4.65" s="7.84" />
        </extensions>
      </trkpt>
      <trkpt lat="52.47725833" lon="-1.78689833">
        <ele>166.9</ele>
        <time>2026-07-22T07:30:54Z</time>
        <extensions>
          <geotracker:meta c="4.63" s="8.92" />
        </extensions>
      </trkpt>
      <trkpt lat="52.47724667" lon="-1.78718">
        <ele>166.6</ele>
        <time>2026-07-22T07:30:56Z</time>
        <extensions>
          <geotracker:meta c="4.63" s="10.01" />
        </extensions>
      </trkpt>
      <trkpt lat="52.477245" lon="-1.78734167">
        <ele>166.7</ele>
        <time>2026-07-22T07:30:57Z</time>
        <extensions>
          <geotracker:meta c="4.63" s="10.89" />
        </extensions>
      </trkpt>
      <trkpt lat="52.47724" lon="-1.787515">
        <ele>166.8</ele>
        <time>2026-07-22T07:30:58Z</time>
        <extensions>
          <geotracker:meta c="4.62" s="11.37" />
        </extensions>
      </trkpt>
      <trkpt lat="52.47723" lon="-1.78768833">
        <ele>166.9</ele>
        <time>2026-07-22T07:30:59Z</time>
        <extensions>
          <geotracker:meta c="4.63" s="12.04" />
        </extensions>
      </trkpt>
      <trkpt lat="52.47722167" lon="-1.787865">
        <ele>167.1</ele>
        <time>2026-07-22T07:31:00Z</time>
        <extensions>
          <geotracker:meta c="4.63" s="12.06" />
        </extensions>
      </trkpt>
      <trkpt lat="52.47721167" lon="-1.78803333">
        <ele>167.1</ele>
        <time>2026-07-22T07:31:01Z</time>
        <extensions>
          <geotracker:meta c="4.63" s="11.51" />
        </extensions>
      </trkpt>
      <trkpt lat="52.47719667" lon="-1.7882">
        <ele>166.2</ele>
        <time>2026-07-22T07:31:02Z</time>
        <extensions>
          <geotracker:meta c="4.62" s="11.66" />
        </extensions>
      </trkpt>
      <trkpt lat="52.47718167" lon="-1.78837333">
        <ele>166.1</ele>
        <time>2026-07-22T07:31:03Z</time>
        <extensions>
          <geotracker:meta c="4.62" s="11.98" />
        </extensions>
      </trkpt>
      <trkpt lat="52.47716667" lon="-1.78854667">
        <ele>166.7</ele>
        <time>2026-07-22T07:31:04Z</time>
        <extensions>
          <geotracker:meta c="4.62" s="11.98" />
        </extensions>
      </trkpt>
      <trkpt lat="52.47715167" lon="-1.78872167">
        <ele>166.5</ele>
        <time>2026-07-22T07:31:05Z</time>
        <extensions>
          <geotracker:meta c="4.62" s="12.1" />
        </extensions>
      </trkpt>
      <trkpt lat="52.47713667" lon="-1.7889">
        <ele>166.2</ele>
        <time>2026-07-22T07:31:06Z</time>
        <extensions>
          <geotracker:meta c="4.62" s="12.21" />
        </extensions>
      </trkpt>
      <trkpt lat="52.47712667" lon="-1.78908">
        <ele>166.5</ele>
        <time>2026-07-22T07:31:07Z</time>
        <extensions>
          <geotracker:meta c="4.62" s="12.22" />
        </extensions>
      </trkpt>
      <trkpt lat="52.47711" lon="-1.78925833">
        <ele>166.4</ele>
        <time>2026-07-22T07:31:08Z</time>
        <extensions>
          <geotracker:meta c="4.62" s="12.32" />
        </extensions>
      </trkpt>
      <trkpt lat="52.47709667" lon="-1.78944167">
        <ele>166.7</ele>
        <time>2026-07-22T07:31:09Z</time>
        <extensions>
          <geotracker:meta c="4.61" s="12.54" />
        </extensions>
      </trkpt>
      <trkpt lat="52.47708167" lon="-1.78962">
        <ele>167.2</ele>
        <time>2026-07-22T07:31:10Z</time>
        <extensions>
          <geotracker:meta c="4.62" s="12.18" />
        </extensions>
      </trkpt>
      <trkpt lat="52.47707" lon="-1.78979833">
        <ele>167.5</ele>
        <time>2026-07-22T07:31:11Z</time>
        <extensions>
          <geotracker:meta c="4.62" s="12.07" />
        </extensions>
      </trkpt>
      <trkpt lat="52.47706" lon="-1.78997">
        <ele>167.3</ele>
        <time>2026-07-22T07:31:12Z</time>
        <extensions>
          <geotracker:meta c="4.63" s="11.52" />
        </extensions>
      </trkpt>
      <trkpt lat="52.47705667" lon="-1.79013167">
        <ele>167</ele>
        <time>2026-07-22T07:31:13Z</time>
        <extensions>
          <geotracker:meta c="4.64" s="11.23" />
        </extensions>
      </trkpt>
      <trkpt lat="52.477055" lon="-1.79028">
        <ele>166.7</ele>
        <time>2026-07-22T07:31:14Z</time>
        <extensions>
          <geotracker:meta c="4.67" s="9.96" />
        </extensions>
      </trkpt>
      <trkpt lat="52.47704667" lon="-1.79058167">
        <ele>167</ele>
        <time>2026-07-22T07:31:16Z</time>
        <extensions>
          <geotracker:meta c="4.69" s="10.51" />
        </extensions>
      </trkpt>
      <trkpt lat="52.47704667" lon="-1.79075">
        <ele>166.4</ele>
        <time>2026-07-22T07:31:17Z</time>
        <extensions>
          <geotracker:meta c="4.7" s="11.53" />
        </extensions>
      </trkpt>
      <trkpt lat="52.47704667" lon="-1.790925">
        <ele>166.1</ele>
        <time>2026-07-22T07:31:18Z</time>
        <extensions>
          <geotracker:meta c="4.7" s="11.93" />
        </extensions>
      </trkpt>
      <trkpt lat="52.47704667" lon="-1.791105">
        <ele>166</ele>
        <time>2026-07-22T07:31:19Z</time>
        <extensions>
          <geotracker:meta c="4.71" s="12.23" />
        </extensions>
      </trkpt>
      <trkpt lat="52.47704667" lon="-1.791285">
        <ele>165.5</ele>
        <time>2026-07-22T07:31:20Z</time>
        <extensions>
          <geotracker:meta c="4.72" s="12.34" />
        </extensions>
      </trkpt>
      <trkpt lat="52.47705" lon="-1.79146833">
        <ele>164.8</ele>
        <time>2026-07-22T07:31:21Z</time>
        <extensions>
          <geotracker:meta c="4.74" s="12.46" />
        </extensions>
      </trkpt>
      <trkpt lat="52.47705333" lon="-1.79165">
        <ele>164.1</ele>
        <time>2026-07-22T07:31:22Z</time>
        <extensions>
          <geotracker:meta c="4.75" s="12.13" />
        </extensions>
      </trkpt>
      <trkpt lat="52.47706" lon="-1.791835">
        <ele>163.3</ele>
        <time>2026-07-22T07:31:23Z</time>
        <extensions>
          <geotracker:meta c="4.76" s="12.16" />
        </extensions>
      </trkpt>
      <trkpt lat="52.47706833" lon="-1.792015">
        <ele>162.2</ele>
        <time>2026-07-22T07:31:24Z</time>
        <extensions>
          <geotracker:meta c="4.78" s="12.34" />
        </extensions>
      </trkpt>
      <trkpt lat="52.47707833" lon="-1.79219167">
        <ele>161.5</ele>
        <time>2026-07-22T07:31:25Z</time>
        <extensions>
          <geotracker:meta c="4.81" s="11.87" />
        </extensions>
      </trkpt>
      <trkpt lat="52.477085" lon="-1.79237333">
        <ele>160.5</ele>
        <time>2026-07-22T07:31:26Z</time>
        <extensions>
          <geotracker:meta c="4.83" s="12.37" />
        </extensions>
      </trkpt>
      <trkpt lat="52.47709833" lon="-1.792555">
        <ele>159.7</ele>
        <time>2026-07-22T07:31:27Z</time>
        <extensions>
          <geotracker:meta c="4.84" s="12.15" />
        </extensions>
      </trkpt>
      <trkpt lat="52.47711" lon="-1.79274167">
        <ele>159.2</ele>
        <time>2026-07-22T07:31:28Z</time>
        <extensions>
          <geotracker:meta c="4.86" s="12.35" />
        </extensions>
      </trkpt>
      <trkpt lat="52.47712667" lon="-1.79292833">
        <ele>158.5</ele>
        <time>2026-07-22T07:31:29Z</time>
        <extensions>
          <geotracker:meta c="4.88" s="12.48" />
        </extensions>
      </trkpt>
      <trkpt lat="52.47714833" lon="-1.79312">
        <ele>157.9</ele>
        <time>2026-07-22T07:31:30Z</time>
        <extensions>
          <geotracker:meta c="4.9" s="13.03" />
        </extensions>
      </trkpt>
      <trkpt lat="52.47717167" lon="-1.79331">
        <ele>157.5</ele>
        <time>2026-07-22T07:31:31Z</time>
        <extensions>
          <geotracker:meta c="4.92" s="12.86" />
        </extensions>
      </trkpt>
      <trkpt lat="52.477195" lon="-1.79350333">
        <ele>157.4</ele>
        <time>2026-07-22T07:31:32Z</time>
        <extensions>
          <geotracker:meta c="4.93" s="13.09" />
        </extensions>
      </trkpt>
      <trkpt lat="52.47722" lon="-1.79369333">
        <ele>157.3</ele>
        <time>2026-07-22T07:31:33Z</time>
        <extensions>
          <geotracker:meta c="4.95" s="12.9" />
        </extensions>
      </trkpt>
      <trkpt lat="52.47724833" lon="-1.79387667">
        <ele>157</ele>
        <time>2026-07-22T07:31:34Z</time>
        <extensions>
          <geotracker:meta c="4.96" s="12.52" />
        </extensions>
      </trkpt>
      <trkpt lat="52.477275" lon="-1.79406">
        <ele>157</ele>
        <time>2026-07-22T07:31:35Z</time>
        <extensions>
          <geotracker:meta c="4.97" s="12.35" />
        </extensions>
      </trkpt>
      <trkpt lat="52.47730333" lon="-1.79423333">
        <ele>157.1</ele>
        <time>2026-07-22T07:31:36Z</time>
        <extensions>
          <geotracker:meta c="4.99" s="12.01" />
        </extensions>
      </trkpt>
      <trkpt lat="52.47733667" lon="-1.7944">
        <ele>157.1</ele>
        <time>2026-07-22T07:31:37Z</time>
        <extensions>
          <geotracker:meta c="5.01" s="11.63" />
        </extensions>
      </trkpt>
      <trkpt lat="52.47736667" lon="-1.79455833">
        <ele>157.3</ele>
        <time>2026-07-22T07:31:38Z</time>
        <extensions>
          <geotracker:meta c="5.03" s="10.98" />
        </extensions>
      </trkpt>
      <trkpt lat="52.47739833" lon="-1.79471667">
        <ele>157.2</ele>
        <time>2026-07-22T07:31:39Z</time>
        <extensions>
          <geotracker:meta c="5.04" s="11.19" />
        </extensions>
      </trkpt>
      <trkpt lat="52.47743333" lon="-1.79487333">
        <ele>157.2</ele>
        <time>2026-07-22T07:31:40Z</time>
        <extensions>
          <geotracker:meta c="5.05" s="11.05" />
        </extensions>
      </trkpt>
      <trkpt lat="52.47746667" lon="-1.79502833">
        <ele>156.9</ele>
        <time>2026-07-22T07:31:41Z</time>
        <extensions>
          <geotracker:meta c="5.06" s="11.35" />
        </extensions>
      </trkpt>
      <trkpt lat="52.47750333" lon="-1.79519">
        <ele>156.8</ele>
        <time>2026-07-22T07:31:42Z</time>
        <extensions>
          <geotracker:meta c="5.08" s="11.53" />
        </extensions>
      </trkpt>
      <trkpt lat="52.47753833" lon="-1.79535">
        <ele>157.2</ele>
        <time>2026-07-22T07:31:43Z</time>
        <extensions>
          <geotracker:meta c="5.11" s="11.41" />
        </extensions>
      </trkpt>
      <trkpt lat="52.47757667" lon="-1.79549833">
        <ele>156.7</ele>
        <time>2026-07-22T07:31:44Z</time>
        <extensions>
          <geotracker:meta c="5.14" s="11.01" />
        </extensions>
      </trkpt>
      <trkpt lat="52.477615" lon="-1.79563667">
        <ele>156.8</ele>
        <time>2026-07-22T07:31:45Z</time>
        <extensions>
          <geotracker:meta c="5.17" s="10.12" />
        </extensions>
      </trkpt>
      <trkpt lat="52.47767667" lon="-1.795865">
        <ele>157.4</ele>
        <time>2026-07-22T07:31:47Z</time>
        <extensions>
          <geotracker:meta c="5.15" s="7.53" />
        </extensions>
      </trkpt>
      <trkpt lat="52.47772167" lon="-1.79603">
        <ele>157.5</ele>
        <time>2026-07-22T07:31:49Z</time>
        <extensions>
          <geotracker:meta c="5.14" s="4.73" />
        </extensions>
      </trkpt>
      <trkpt lat="52.47777" lon="-1.79621333">
        <ele>156.8</ele>
        <time>2026-07-22T07:32:02Z</time>
        <extensions>
          <geotracker:meta c="5.13" s="4.58" />
        </extensions>
      </trkpt>
      <trkpt lat="52.47781" lon="-1.79637">
        <ele>156.8</ele>
        <time>2026-07-22T07:32:04Z</time>
        <extensions>
          <geotracker:meta c="5.11" s="5.79" />
        </extensions>
      </trkpt>
      <trkpt lat="52.47785667" lon="-1.79656833">
        <ele>157</ele>
        <time>2026-07-22T07:32:06Z</time>
        <extensions>
          <geotracker:meta c="5.08" s="8.03" />
        </extensions>
      </trkpt>
      <trkpt lat="52.477915" lon="-1.79683167">
        <ele>157.5</ele>
        <time>2026-07-22T07:32:08Z</time>
        <extensions>
          <geotracker:meta c="5.05" s="9.9" />
        </extensions>
      </trkpt>
      <trkpt lat="52.47794333" lon="-1.79697833">
        <ele>157.7</ele>
        <time>2026-07-22T07:32:09Z</time>
        <extensions>
          <geotracker:meta c="5.03" s="10.27" />
        </extensions>
      </trkpt>
      <trkpt lat="52.47796833" lon="-1.79712">
        <ele>158</ele>
        <time>2026-07-22T07:32:10Z</time>
        <extensions>
          <geotracker:meta c="5.01" s="9.89" />
        </extensions>
      </trkpt>
      <trkpt lat="52.478015" lon="-1.797405">
        <ele>158.4</ele>
        <time>2026-07-22T07:32:12Z</time>
        <extensions>
          <geotracker:meta c="4.98" s="10.21" />
        </extensions>
      </trkpt>
      <trkpt lat="52.47803833" lon="-1.797555">
        <ele>158.7</ele>
        <time>2026-07-22T07:32:13Z</time>
        <extensions>
          <geotracker:meta c="4.97" s="10.48" />
        </extensions>
      </trkpt>
      <trkpt lat="52.47806" lon="-1.79770833">
        <ele>158.9</ele>
        <time>2026-07-22T07:32:14Z</time>
        <extensions>
          <geotracker:meta c="4.95" s="10.69" />
        </extensions>
      </trkpt>
      <trkpt lat="52.47808167" lon="-1.79786667">
        <ele>159.3</ele>
        <time>2026-07-22T07:32:15Z</time>
        <extensions>
          <geotracker:meta c="4.93" s="11.19" />
        </extensions>
      </trkpt>
      <trkpt lat="52.47810833" lon="-1.79803">
        <ele>159.8</ele>
        <time>2026-07-22T07:32:16Z</time>
        <extensions>
          <geotracker:meta c="4.93" s="11.35" />
        </extensions>
      </trkpt>
      <trkpt lat="52.47813167" lon="-1.7982">
        <ele>160.2</ele>
        <time>2026-07-22T07:32:17Z</time>
        <extensions>
          <geotracker:meta c="4.92" s="11.73" />
        </extensions>
      </trkpt>
      <trkpt lat="52.478155" lon="-1.79837667">
        <ele>160.9</ele>
        <time>2026-07-22T07:32:18Z</time>
        <extensions>
          <geotracker:meta c="4.91" s="12.01" />
        </extensions>
      </trkpt>
      <trkpt lat="52.478175" lon="-1.79854333">
        <ele>161.2</ele>
        <time>2026-07-22T07:32:19Z</time>
        <extensions>
          <geotracker:meta c="4.9" s="11.44" />
        </extensions>
      </trkpt>
      <trkpt lat="52.47819" lon="-1.79870833">
        <ele>161.5</ele>
        <time>2026-07-22T07:32:20Z</time>
        <extensions>
          <geotracker:meta c="4.89" s="11.42" />
        </extensions>
      </trkpt>
      <trkpt lat="52.478205" lon="-1.79887333">
        <ele>161.8</ele>
        <time>2026-07-22T07:32:21Z</time>
        <extensions>
          <geotracker:meta c="4.87" s="11.44" />
        </extensions>
      </trkpt>
      <trkpt lat="52.478215" lon="-1.79904">
        <ele>162</ele>
        <time>2026-07-22T07:32:22Z</time>
        <extensions>
          <geotracker:meta c="4.85" s="11.63" />
        </extensions>
      </trkpt>
      <trkpt lat="52.47822333" lon="-1.79920833">
        <ele>162.3</ele>
        <time>2026-07-22T07:32:23Z</time>
        <extensions>
          <geotracker:meta c="4.82" s="11.66" />
        </extensions>
      </trkpt>
      <trkpt lat="52.47823" lon="-1.79938167">
        <ele>162.8</ele>
        <time>2026-07-22T07:32:24Z</time>
        <extensions>
          <geotracker:meta c="4.81" s="12" />
        </extensions>
      </trkpt>
      <trkpt lat="52.47824" lon="-1.799555">
        <ele>163.4</ele>
        <time>2026-07-22T07:32:25Z</time>
        <extensions>
          <geotracker:meta c="4.81" s="11.77" />
        </extensions>
      </trkpt>
      <trkpt lat="52.47824833" lon="-1.79973">
        <ele>163.8</ele>
        <time>2026-07-22T07:32:26Z</time>
        <extensions>
          <geotracker:meta c="4.81" s="11.74" />
        </extensions>
      </trkpt>
      <trkpt lat="52.47825833" lon="-1.79989667">
        <ele>164.4</ele>
        <time>2026-07-22T07:32:27Z</time>
        <extensions>
          <geotracker:meta c="4.81" s="11.12" />
        </extensions>
      </trkpt>
      <trkpt lat="52.47826667" lon="-1.80005333">
        <ele>164.8</ele>
        <time>2026-07-22T07:32:28Z</time>
        <extensions>
          <geotracker:meta c="4.82" s="10.55" />
        </extensions>
      </trkpt>
      <trkpt lat="52.478275" lon="-1.80020167">
        <ele>165.2</ele>
        <time>2026-07-22T07:32:29Z</time>
        <extensions>
          <geotracker:meta c="4.83" s="9.93" />
        </extensions>
      </trkpt>
      <trkpt lat="52.47829667" lon="-1.80042167">
        <ele>165.9</ele>
        <time>2026-07-22T07:32:31Z</time>
        <extensions>
          <geotracker:meta c="4.89" s="6.92" />
        </extensions>
      </trkpt>
      <trkpt lat="52.478325" lon="-1.80060333">
        <ele>165.6</ele>
        <time>2026-07-22T07:32:34Z</time>
        <extensions>
          <geotracker:meta c="4.99" s="3" />
        </extensions>
      </trkpt>
      <trkpt lat="52.47844167" lon="-1.80058667">
        <ele>165.2</ele>
        <time>2026-07-22T07:32:52Z</time>
        <extensions>
          <geotracker:meta c="0.72" s="3.49" />
        </extensions>
      </trkpt>
      <trkpt lat="52.47852167" lon="-1.80050833">
        <ele>165.5</ele>
        <time>2026-07-22T07:32:54Z</time>
        <extensions>
          <geotracker:meta c="0.6" s="5.57" />
        </extensions>
      </trkpt>
      <trkpt lat="52.478635" lon="-1.80041167">
        <ele>165.5</ele>
        <time>2026-07-22T07:32:56Z</time>
        <extensions>
          <geotracker:meta c="0.56" s="7.28" />
        </extensions>
      </trkpt>
      <trkpt lat="52.47877167" lon="-1.80027167">
        <ele>165.2</ele>
        <time>2026-07-22T07:32:58Z</time>
        <extensions>
          <geotracker:meta c="0.59" s="9.67" />
        </extensions>
      </trkpt>
      <trkpt lat="52.47884833" lon="-1.80019333">
        <ele>165.1</ele>
        <time>2026-07-22T07:32:59Z</time>
        <extensions>
          <geotracker:meta c="0.6" s="9.81" />
        </extensions>
      </trkpt>
      <trkpt lat="52.47899833" lon="-1.80002833">
        <ele>165</ele>
        <time>2026-07-22T07:33:01Z</time>
        <extensions>
          <geotracker:meta c="0.61" s="10.18" />
        </extensions>
      </trkpt>
      <trkpt lat="52.47907667" lon="-1.79994">
        <ele>165.2</ele>
        <time>2026-07-22T07:33:02Z</time>
        <extensions>
          <geotracker:meta c="0.62" s="10.67" />
        </extensions>
      </trkpt>
      <trkpt lat="52.47915667" lon="-1.79984667">
        <ele>165.1</ele>
        <time>2026-07-22T07:33:03Z</time>
        <extensions>
          <geotracker:meta c="0.62" s="11.15" />
        </extensions>
      </trkpt>
      <trkpt lat="52.47924" lon="-1.79974833">
        <ele>164.8</ele>
        <time>2026-07-22T07:33:04Z</time>
        <extensions>
          <geotracker:meta c="0.64" s="11.39" />
        </extensions>
      </trkpt>
      <trkpt lat="52.47931833" lon="-1.79965333">
        <ele>164.4</ele>
        <time>2026-07-22T07:33:05Z</time>
        <extensions>
          <geotracker:meta c="0.66" s="11.49" />
        </extensions>
      </trkpt>
      <trkpt lat="52.47939667" lon="-1.79955333">
        <ele>164.4</ele>
        <time>2026-07-22T07:33:06Z</time>
        <extensions>
          <geotracker:meta c="0.67" s="11.45" />
        </extensions>
      </trkpt>
      <trkpt lat="52.479475" lon="-1.79944833">
        <ele>164.2</ele>
        <time>2026-07-22T07:33:07Z</time>
        <extensions>
          <geotracker:meta c="0.7" s="11.46" />
        </extensions>
      </trkpt>
      <trkpt lat="52.47955333" lon="-1.79934">
        <ele>163.9</ele>
        <time>2026-07-22T07:33:08Z</time>
        <extensions>
          <geotracker:meta c="0.72" s="11.46" />
        </extensions>
      </trkpt>
      <trkpt lat="52.47963" lon="-1.79923333">
        <ele>163.5</ele>
        <time>2026-07-22T07:33:09Z</time>
        <extensions>
          <geotracker:meta c="0.74" s="11.46" />
        </extensions>
      </trkpt>
      <trkpt lat="52.47971" lon="-1.79913">
        <ele>163.2</ele>
        <time>2026-07-22T07:33:10Z</time>
        <extensions>
          <geotracker:meta c="0.71" s="11.48" />
        </extensions>
      </trkpt>
      <trkpt lat="52.47979167" lon="-1.79904">
        <ele>162.1</ele>
        <time>2026-07-22T07:33:11Z</time>
        <extensions>
          <geotracker:meta c="0.61" s="11.46" />
        </extensions>
      </trkpt>
      <trkpt lat="52.47988167" lon="-1.79896167">
        <ele>161.9</ele>
        <time>2026-07-22T07:33:12Z</time>
        <extensions>
          <geotracker:meta c="0.51" s="11.36" />
        </extensions>
      </trkpt>
      <trkpt lat="52.47997667" lon="-1.79888167">
        <ele>161.5</ele>
        <time>2026-07-22T07:33:13Z</time>
        <extensions>
          <geotracker:meta c="0.47" s="12.14" />
        </extensions>
      </trkpt>
      <trkpt lat="52.48007667" lon="-1.79880667">
        <ele>160.9</ele>
        <time>2026-07-22T07:33:14Z</time>
        <extensions>
          <geotracker:meta c="0.45" s="12.34" />
        </extensions>
      </trkpt>
      <trkpt lat="52.480175" lon="-1.798735">
        <ele>160.6</ele>
        <time>2026-07-22T07:33:15Z</time>
        <extensions>
          <geotracker:meta c="0.42" s="12.18" />
        </extensions>
      </trkpt>
      <trkpt lat="52.48027" lon="-1.79866333">
        <ele>160.2</ele>
        <time>2026-07-22T07:33:16Z</time>
        <extensions>
          <geotracker:meta c="0.42" s="11.78" />
        </extensions>
      </trkpt>
      <trkpt lat="52.48035667" lon="-1.7986">
        <ele>159.6</ele>
        <time>2026-07-22T07:33:17Z</time>
        <extensions>
          <geotracker:meta c="0.44" s="11.09" />
        </extensions>
      </trkpt>
      <trkpt lat="52.48049" lon="-1.79849167">
        <ele>159</ele>
        <time>2026-07-22T07:33:19Z</time>
        <extensions>
          <geotracker:meta c="0.49" s="7.1" />
        </extensions>
      </trkpt>
      <trkpt lat="52.480585" lon="-1.79839167">
        <ele>159</ele>
        <time>2026-07-22T07:33:22Z</time>
        <extensions>
          <geotracker:meta c="0.56" s="2.37" />
        </extensions>
      </trkpt>
      <trkpt lat="52.48067" lon="-1.798275">
        <ele>158.3</ele>
        <time>2026-07-22T07:33:37Z</time>
        <extensions>
          <geotracker:meta c="0.69" s="4.69" />
        </extensions>
      </trkpt>
      <trkpt lat="52.48074833" lon="-1.79817667">
        <ele>158.2</ele>
        <time>2026-07-22T07:33:39Z</time>
        <extensions>
          <geotracker:meta c="0.67" s="5.88" />
        </extensions>
      </trkpt>
      <trkpt lat="52.48084667" lon="-1.79805833">
        <ele>158</ele>
        <time>2026-07-22T07:33:41Z</time>
        <extensions>
          <geotracker:meta c="0.64" s="7.43" />
        </extensions>
      </trkpt>
      <trkpt lat="52.480975" lon="-1.79790167">
        <ele>157.7</ele>
        <time>2026-07-22T07:33:43Z</time>
        <extensions>
          <geotracker:meta c="0.64" s="9.34" />
        </extensions>
      </trkpt>
      <trkpt lat="52.48110833" lon="-1.79773">
        <ele>157.6</ele>
        <time>2026-07-22T07:33:45Z</time>
        <extensions>
          <geotracker:meta c="0.66" s="9.61" />
        </extensions>
      </trkpt>
      <trkpt lat="52.48124833" lon="-1.79753667">
        <ele>157</ele>
        <time>2026-07-22T07:33:47Z</time>
        <extensions>
          <geotracker:meta c="0.72" s="10.56" />
        </extensions>
      </trkpt>
      <trkpt lat="52.481315" lon="-1.79743333">
        <ele>157</ele>
        <time>2026-07-22T07:33:48Z</time>
        <extensions>
          <geotracker:meta c="0.75" s="10.55" />
        </extensions>
      </trkpt>
      <trkpt lat="52.48138333" lon="-1.79733">
        <ele>157.1</ele>
        <time>2026-07-22T07:33:49Z</time>
        <extensions>
          <geotracker:meta c="0.76" s="10.59" />
        </extensions>
      </trkpt>
      <trkpt lat="52.48145333" lon="-1.79722833">
        <ele>156.7</ele>
        <time>2026-07-22T07:33:50Z</time>
        <extensions>
          <geotracker:meta c="0.76" s="10.58" />
        </extensions>
      </trkpt>
      <trkpt lat="52.48152333" lon="-1.79712167">
        <ele>156.4</ele>
        <time>2026-07-22T07:33:51Z</time>
        <extensions>
          <geotracker:meta c="0.75" s="10.72" />
        </extensions>
      </trkpt>
      <trkpt lat="52.48159833" lon="-1.79701667">
        <ele>156.1</ele>
        <time>2026-07-22T07:33:52Z</time>
        <extensions>
          <geotracker:meta c="0.74" s="10.99" />
        </extensions>
      </trkpt>
      <trkpt lat="52.48167333" lon="-1.79691667">
        <ele>155.8</ele>
        <time>2026-07-22T07:33:53Z</time>
        <extensions>
          <geotracker:meta c="0.7" s="10.86" />
        </extensions>
      </trkpt>
      <trkpt lat="52.48175167" lon="-1.79682167">
        <ele>155.4</ele>
        <time>2026-07-22T07:33:54Z</time>
        <extensions>
          <geotracker:meta c="0.65" s="10.87" />
        </extensions>
      </trkpt>
      <trkpt lat="52.48183167" lon="-1.79672833">
        <ele>155.2</ele>
        <time>2026-07-22T07:33:55Z</time>
        <extensions>
          <geotracker:meta c="0.62" s="10.83" />
        </extensions>
      </trkpt>
      <trkpt lat="52.48191333" lon="-1.79663833">
        <ele>155</ele>
        <time>2026-07-22T07:33:56Z</time>
        <extensions>
          <geotracker:meta c="0.59" s="10.73" />
        </extensions>
      </trkpt>
      <trkpt lat="52.48199167" lon="-1.796565">
        <ele>154.6</ele>
        <time>2026-07-22T07:33:57Z</time>
        <extensions>
          <geotracker:meta c="0.55" s="9.87" />
        </extensions>
      </trkpt>
      <trkpt lat="52.48212333" lon="-1.79645167">
        <ele>154.4</ele>
        <time>2026-07-22T07:33:59Z</time>
        <extensions>
          <geotracker:meta c="0.46" s="7.56" />
        </extensions>
      </trkpt>
      <trkpt lat="52.48220833" lon="-1.796395">
        <ele>154.1</ele>
        <time>2026-07-22T07:34:02Z</time>
        <extensions>
          <geotracker:meta c="0.38" s="2.36" />
        </extensions>
      </trkpt>
      <trkpt lat="52.48231" lon="-1.79635833">
        <ele>153.3</ele>
        <time>2026-07-22T07:34:07Z</time>
        <extensions>
          <geotracker:meta c="0.18" s="3.99" />
        </extensions>
      </trkpt>
      <trkpt lat="52.48239333" lon="-1.79629667">
        <ele>153.1</ele>
        <time>2026-07-22T07:34:09Z</time>
        <extensions>
          <geotracker:meta c="0.42" s="5.38" />
        </extensions>
      </trkpt>
      <trkpt lat="52.48249667" lon="-1.79624167">
        <ele>153.7</ele>
        <time>2026-07-22T07:34:11Z</time>
        <extensions>
          <geotracker:meta c="0.27" s="6.11" />
        </extensions>
      </trkpt>
      <trkpt lat="52.48262667" lon="-1.796225">
        <ele>154.4</ele>
        <time>2026-07-22T07:34:13Z</time>
        <extensions>
          <geotracker:meta c="0.04" s="7.35" />
        </extensions>
      </trkpt>
      <trkpt lat="52.48275667" lon="-1.796215">
        <ele>155.5</ele>
        <time>2026-07-22T07:34:15Z</time>
        <extensions>
          <geotracker:meta c="0.04" s="7.56" />
        </extensions>
      </trkpt>
      <trkpt lat="52.48290833" lon="-1.796195">
        <ele>156.4</ele>
        <time>2026-07-22T07:34:17Z</time>
        <extensions>
          <geotracker:meta c="0.05" s="8.13" />
        </extensions>
      </trkpt>
      <trkpt lat="52.483055" lon="-1.79617333">
        <ele>157.1</ele>
        <time>2026-07-22T07:34:19Z</time>
        <extensions>
          <geotracker:meta c="0.06" s="8.18" />
        </extensions>
      </trkpt>
      <trkpt lat="52.48321167" lon="-1.79615333">
        <ele>156.9</ele>
        <time>2026-07-22T07:34:21Z</time>
        <extensions>
          <geotracker:meta c="0.07" s="8.51" />
        </extensions>
      </trkpt>
      <trkpt lat="52.48336833" lon="-1.79613">
        <ele>156.1</ele>
        <time>2026-07-22T07:34:23Z</time>
        <extensions>
          <geotracker:meta c="0.08" s="8.05" />
        </extensions>
      </trkpt>
      <trkpt lat="52.48346833" lon="-1.79611833">
        <ele>156</ele>
        <time>2026-07-22T07:34:25Z</time>
        <extensions>
          <geotracker:meta c="0.1" s="5.61" />
        </extensions>
      </trkpt>
      <trkpt lat="52.483565" lon="-1.79614667">
        <ele>155.3</ele>
        <time>2026-07-22T07:34:28Z</time>
        <extensions>
          <geotracker:meta c="6.03" s="4.04" />
        </extensions>
      </trkpt>
      <trkpt lat="52.48363" lon="-1.79632">
        <ele>155.2</ele>
        <time>2026-07-22T07:34:31Z</time>
        <extensions>
          <geotracker:meta c="5.17" s="5.07" />
        </extensions>
      </trkpt>
      <trkpt lat="52.48368167" lon="-1.79649167">
        <ele>154.8</ele>
        <time>2026-07-22T07:34:33Z</time>
        <extensions>
          <geotracker:meta c="5.09" s="7.12" />
        </extensions>
      </trkpt>
      <trkpt lat="52.48373333" lon="-1.79673167">
        <ele>154.4</ele>
        <time>2026-07-22T07:34:35Z</time>
        <extensions>
          <geotracker:meta c="5.01" s="8.7" />
        </extensions>
      </trkpt>
      <trkpt lat="52.48378833" lon="-1.79697333">
        <ele>154.5</ele>
        <time>2026-07-22T07:34:37Z</time>
        <extensions>
          <geotracker:meta c="5.05" s="9.23" />
        </extensions>
      </trkpt>
      <trkpt lat="52.483855" lon="-1.79725167">
        <ele>155.1</ele>
        <time>2026-07-22T07:34:39Z</time>
        <extensions>
          <geotracker:meta c="5.08" s="10.42" />
        </extensions>
      </trkpt>
      <trkpt lat="52.48389" lon="-1.79739833">
        <ele>155.5</ele>
        <time>2026-07-22T07:34:40Z</time>
        <extensions>
          <geotracker:meta c="5.07" s="10.88" />
        </extensions>
      </trkpt>
      <trkpt lat="52.48392667" lon="-1.79754833">
        <ele>156</ele>
        <time>2026-07-22T07:34:41Z</time>
        <extensions>
          <geotracker:meta c="5.08" s="11.33" />
        </extensions>
      </trkpt>
      <trkpt lat="52.48396667" lon="-1.79770667">
        <ele>156.4</ele>
        <time>2026-07-22T07:34:42Z</time>
        <extensions>
          <geotracker:meta c="5.08" s="11.92" />
        </extensions>
      </trkpt>
      <trkpt lat="52.48400833" lon="-1.79787667">
        <ele>156.8</ele>
        <time>2026-07-22T07:34:43Z</time>
        <extensions>
          <geotracker:meta c="5.08" s="12.4" />
        </extensions>
      </trkpt>
      <trkpt lat="52.48404833" lon="-1.79804">
        <ele>157.6</ele>
        <time>2026-07-22T07:34:44Z</time>
        <extensions>
          <geotracker:meta c="5.07" s="11.84" />
        </extensions>
      </trkpt>
      <trkpt lat="52.48409" lon="-1.79819833">
        <ele>158.2</ele>
        <time>2026-07-22T07:34:45Z</time>
        <extensions>
          <geotracker:meta c="5.08" s="11.6" />
        </extensions>
      </trkpt>
      <trkpt lat="52.48412833" lon="-1.79834833">
        <ele>158.7</ele>
        <time>2026-07-22T07:34:46Z</time>
        <extensions>
          <geotracker:meta c="5.09" s="11.08" />
        </extensions>
      </trkpt>
      <trkpt lat="52.48417" lon="-1.79849667">
        <ele>159.3</ele>
        <time>2026-07-22T07:34:47Z</time>
        <extensions>
          <geotracker:meta c="5.1" s="11.05" />
        </extensions>
      </trkpt>
      <trkpt lat="52.48421333" lon="-1.798645">
        <ele>159.9</ele>
        <time>2026-07-22T07:34:48Z</time>
        <extensions>
          <geotracker:meta c="5.11" s="11.08" />
        </extensions>
      </trkpt>
      <trkpt lat="52.48425333" lon="-1.79879">
        <ele>160.5</ele>
        <time>2026-07-22T07:34:49Z</time>
        <extensions>
          <geotracker:meta c="5.11" s="10.83" />
        </extensions>
      </trkpt>
      <trkpt lat="52.48428667" lon="-1.79893167">
        <ele>160.9</ele>
        <time>2026-07-22T07:34:50Z</time>
        <extensions>
          <geotracker:meta c="5.1" s="10.48" />
        </extensions>
      </trkpt>
      <trkpt lat="52.48432167" lon="-1.79907">
        <ele>161.4</ele>
        <time>2026-07-22T07:34:51Z</time>
        <extensions>
          <geotracker:meta c="5.08" s="9.95" />
        </extensions>
      </trkpt>
      <trkpt lat="52.48437667" lon="-1.79929167">
        <ele>162.2</ele>
        <time>2026-07-22T07:34:53Z</time>
        <extensions>
          <geotracker:meta c="5.06" s="7.14" />
        </extensions>
      </trkpt>
      <trkpt lat="52.48441167" lon="-1.79944">
        <ele>162.9</ele>
        <time>2026-07-22T07:34:55Z</time>
        <extensions>
          <geotracker:meta c="5.02" s="4.77" />
        </extensions>
      </trkpt>
      <trkpt lat="52.484465" lon="-1.799635">
        <ele>164</ele>
        <time>2026-07-22T07:35:13Z</time>
        <extensions>
          <geotracker:meta c="5.12" s="2.53" />
        </extensions>
      </trkpt>
      <trkpt lat="52.48450833" lon="-1.79983167">
        <ele>164.6</ele>
        <time>2026-07-22T07:35:16Z</time>
        <extensions>
          <geotracker:meta c="5.05" s="5.63" />
        </extensions>
      </trkpt>
      <trkpt lat="52.48454167" lon="-1.799985">
        <ele>164.8</ele>
        <time>2026-07-22T07:35:18Z</time>
        <extensions>
          <geotracker:meta c="5.02" s="5.5" />
        </extensions>
      </trkpt>
      <trkpt lat="52.484585" lon="-1.8002">
        <ele>165.3</ele>
        <time>2026-07-22T07:35:20Z</time>
        <extensions>
          <geotracker:meta c="5.01" s="7.6" />
        </extensions>
      </trkpt>
      <trkpt lat="52.484635" lon="-1.80044333">
        <ele>165.5</ele>
        <time>2026-07-22T07:35:22Z</time>
        <extensions>
          <geotracker:meta c="5.02" s="9.47" />
        </extensions>
      </trkpt>
      <trkpt lat="52.48468833" lon="-1.800705">
        <ele>166</ele>
        <time>2026-07-22T07:35:24Z</time>
        <extensions>
          <geotracker:meta c="5.05" s="9.43" />
        </extensions>
      </trkpt>
      <trkpt lat="52.48476167" lon="-1.80094167">
        <ele>166.7</ele>
        <time>2026-07-22T07:35:26Z</time>
        <extensions>
          <geotracker:meta c="5.24" s="9.3" />
        </extensions>
      </trkpt>
      <trkpt lat="52.484865" lon="-1.801175">
        <ele>167</ele>
        <time>2026-07-22T07:35:28Z</time>
        <extensions>
          <geotracker:meta c="5.41" s="10.38" />
        </extensions>
      </trkpt>
      <trkpt lat="52.48499167" lon="-1.80140167">
        <ele>167.4</ele>
        <time>2026-07-22T07:35:30Z</time>
        <extensions>
          <geotracker:meta c="5.52" s="11.25" />
        </extensions>
      </trkpt>
      <trkpt lat="52.48506167" lon="-1.801525">
        <ele>167.7</ele>
        <time>2026-07-22T07:35:31Z</time>
        <extensions>
          <geotracker:meta c="5.52" s="11.68" />
        </extensions>
      </trkpt>
      <trkpt lat="52.48513833" lon="-1.80165167">
        <ele>168</ele>
        <time>2026-07-22T07:35:32Z</time>
        <extensions>
          <geotracker:meta c="5.53" s="12.2" />
        </extensions>
      </trkpt>
      <trkpt lat="52.48521333" lon="-1.80177167">
        <ele>168.1</ele>
        <time>2026-07-22T07:35:33Z</time>
        <extensions>
          <geotracker:meta c="5.53" s="12.23" />
        </extensions>
      </trkpt>
      <trkpt lat="52.48528667" lon="-1.80188667">
        <ele>168</ele>
        <time>2026-07-22T07:35:34Z</time>
        <extensions>
          <geotracker:meta c="5.53" s="12.03" />
        </extensions>
      </trkpt>
      <trkpt lat="52.48535333" lon="-1.80200333">
        <ele>167.7</ele>
        <time>2026-07-22T07:35:35Z</time>
        <extensions>
          <geotracker:meta c="5.53" s="11.69" />
        </extensions>
      </trkpt>
      <trkpt lat="52.48542167" lon="-1.80212">
        <ele>167.4</ele>
        <time>2026-07-22T07:35:36Z</time>
        <extensions>
          <geotracker:meta c="5.53" s="11.45" />
        </extensions>
      </trkpt>
      <trkpt lat="52.48549333" lon="-1.80223333">
        <ele>167.3</ele>
        <time>2026-07-22T07:35:37Z</time>
        <extensions>
          <geotracker:meta c="5.52" s="11.45" />
        </extensions>
      </trkpt>
      <trkpt lat="52.48556333" lon="-1.802345">
        <ele>167.1</ele>
        <time>2026-07-22T07:35:38Z</time>
        <extensions>
          <geotracker:meta c="5.53" s="11.35" />
        </extensions>
      </trkpt>
      <trkpt lat="52.485635" lon="-1.80246">
        <ele>166.6</ele>
        <time>2026-07-22T07:35:39Z</time>
        <extensions>
          <geotracker:meta c="5.53" s="11.32" />
        </extensions>
      </trkpt>
      <trkpt lat="52.48570667" lon="-1.80257667">
        <ele>165.9</ele>
        <time>2026-07-22T07:35:40Z</time>
        <extensions>
          <geotracker:meta c="5.52" s="11.34" />
        </extensions>
      </trkpt>
      <trkpt lat="52.48577833" lon="-1.80269167">
        <ele>165.5</ele>
        <time>2026-07-22T07:35:41Z</time>
        <extensions>
          <geotracker:meta c="5.52" s="11.37" />
        </extensions>
      </trkpt>
      <trkpt lat="52.48585" lon="-1.80281">
        <ele>165.2</ele>
        <time>2026-07-22T07:35:42Z</time>
        <extensions>
          <geotracker:meta c="5.52" s="11.39" />
        </extensions>
      </trkpt>
      <trkpt lat="52.485925" lon="-1.80292833">
        <ele>164.9</ele>
        <time>2026-07-22T07:35:43Z</time>
        <extensions>
          <geotracker:meta c="5.53" s="11.58" />
        </extensions>
      </trkpt>
      <trkpt lat="52.486" lon="-1.80304667">
        <ele>164.5</ele>
        <time>2026-07-22T07:35:44Z</time>
        <extensions>
          <geotracker:meta c="5.54" s="11.71" />
        </extensions>
      </trkpt>
      <trkpt lat="52.48607667" lon="-1.80316833">
        <ele>164.1</ele>
        <time>2026-07-22T07:35:45Z</time>
        <extensions>
          <geotracker:meta c="5.53" s="11.7" />
        </extensions>
      </trkpt>
      <trkpt lat="52.48615167" lon="-1.80328833">
        <ele>163.8</ele>
        <time>2026-07-22T07:35:46Z</time>
        <extensions>
          <geotracker:meta c="5.53" s="11.7" />
        </extensions>
      </trkpt>
      <trkpt lat="52.48622667" lon="-1.80341">
        <ele>163.4</ele>
        <time>2026-07-22T07:35:47Z</time>
        <extensions>
          <geotracker:meta c="5.52" s="11.7" />
        </extensions>
      </trkpt>
      <trkpt lat="52.48630167" lon="-1.80353333">
        <ele>162.9</ele>
        <time>2026-07-22T07:35:48Z</time>
        <extensions>
          <geotracker:meta c="5.52" s="11.73" />
        </extensions>
      </trkpt>
      <trkpt lat="52.486375" lon="-1.80366">
        <ele>162.3</ele>
        <time>2026-07-22T07:35:49Z</time>
        <extensions>
          <geotracker:meta c="5.5" s="11.89" />
        </extensions>
      </trkpt>
      <trkpt lat="52.48645" lon="-1.80379">
        <ele>162</ele>
        <time>2026-07-22T07:35:50Z</time>
        <extensions>
          <geotracker:meta c="5.48" s="12.25" />
        </extensions>
      </trkpt>
      <trkpt lat="52.48652" lon="-1.80392167">
        <ele>162</ele>
        <time>2026-07-22T07:35:51Z</time>
        <extensions>
          <geotracker:meta c="5.45" s="11.92" />
        </extensions>
      </trkpt>
      <trkpt lat="52.486595" lon="-1.80405333">
        <ele>161.9</ele>
        <time>2026-07-22T07:35:52Z</time>
        <extensions>
          <geotracker:meta c="5.44" s="12.33" />
        </extensions>
      </trkpt>
      <trkpt lat="52.48667" lon="-1.80419">
        <ele>161.1</ele>
        <time>2026-07-22T07:35:53Z</time>
        <extensions>
          <geotracker:meta c="5.42" s="12.54" />
        </extensions>
      </trkpt>
      <trkpt lat="52.48674333" lon="-1.80432833">
        <ele>160.8</ele>
        <time>2026-07-22T07:35:54Z</time>
        <extensions>
          <geotracker:meta c="5.4" s="12.32" />
        </extensions>
      </trkpt>
      <trkpt lat="52.48681333" lon="-1.80446833">
        <ele>160.2</ele>
        <time>2026-07-22T07:35:55Z</time>
        <extensions>
          <geotracker:meta c="5.39" s="12.2" />
        </extensions>
      </trkpt>
      <trkpt lat="52.48688" lon="-1.80461">
        <ele>159.7</ele>
        <time>2026-07-22T07:35:56Z</time>
        <extensions>
          <geotracker:meta c="5.37" s="12.1" />
        </extensions>
      </trkpt>
      <trkpt lat="52.48694667" lon="-1.80475667">
        <ele>159.3</ele>
        <time>2026-07-22T07:35:57Z</time>
        <extensions>
          <geotracker:meta c="5.35" s="12.52" />
        </extensions>
      </trkpt>
      <trkpt lat="52.48701167" lon="-1.80490333">
        <ele>158.8</ele>
        <time>2026-07-22T07:35:58Z</time>
        <extensions>
          <geotracker:meta c="5.34" s="12.29" />
        </extensions>
      </trkpt>
      <trkpt lat="52.48707" lon="-1.80504833">
        <ele>158.6</ele>
        <time>2026-07-22T07:35:59Z</time>
        <extensions>
          <geotracker:meta c="5.33" s="12.05" />
        </extensions>
      </trkpt>
      <trkpt lat="52.48713" lon="-1.805205">
        <ele>158.5</ele>
        <time>2026-07-22T07:36:00Z</time>
        <extensions>
          <geotracker:meta c="5.3" s="12.47" />
        </extensions>
      </trkpt>
      <trkpt lat="52.487185" lon="-1.80535667">
        <ele>157.8</ele>
        <time>2026-07-22T07:36:01Z</time>
        <extensions>
          <geotracker:meta c="5.27" s="11.9" />
        </extensions>
      </trkpt>
      <trkpt lat="52.48723667" lon="-1.80550167">
        <ele>157.4</ele>
        <time>2026-07-22T07:36:02Z</time>
        <extensions>
          <geotracker:meta c="5.24" s="11.4" />
        </extensions>
      </trkpt>
      <trkpt lat="52.48728667" lon="-1.80564167">
        <ele>157</ele>
        <time>2026-07-22T07:36:03Z</time>
        <extensions>
          <geotracker:meta c="5.21" s="10.8" />
        </extensions>
      </trkpt>
      <trkpt lat="52.48736333" lon="-1.80588667">
        <ele>156</ele>
        <time>2026-07-22T07:36:05Z</time>
        <extensions>
          <geotracker:meta c="5.16" s="8.68" />
        </extensions>
      </trkpt>
      <trkpt lat="52.48742" lon="-1.80607833">
        <ele>154.7</ele>
        <time>2026-07-22T07:36:07Z</time>
        <extensions>
          <geotracker:meta c="5.13" s="6.62" />
        </extensions>
      </trkpt>
      <trkpt lat="52.48747" lon="-1.80621667">
        <ele>153.8</ele>
        <time>2026-07-22T07:36:09Z</time>
        <extensions>
          <geotracker:meta c="5.22" s="5.31" />
        </extensions>
      </trkpt>
      <trkpt lat="52.487575" lon="-1.80628333">
        <ele>154.6</ele>
        <time>2026-07-22T07:36:12Z</time>
        <extensions>
          <geotracker:meta c="6.08" s="3.9" />
        </extensions>
      </trkpt>
      <trkpt lat="52.48768333" lon="-1.80634333">
        <ele>155.5</ele>
        <time>2026-07-22T07:36:19Z</time>
        <extensions>
          <geotracker:meta c="5.66" s="2.8" />
        </extensions>
      </trkpt>
      <trkpt lat="52.48771" lon="-1.80665333">
        <ele>155</ele>
        <time>2026-07-22T07:36:23Z</time>
        <extensions>
          <geotracker:meta c="4.72" s="6.13" />
        </extensions>
      </trkpt>
      <trkpt lat="52.48770667" lon="-1.80686167">
        <ele>154.3</ele>
        <time>2026-07-22T07:36:25Z</time>
        <extensions>
          <geotracker:meta c="4.71" s="7.27" />
        </extensions>
      </trkpt>
      <trkpt lat="52.48770833" lon="-1.80711667">
        <ele>153.4</ele>
        <time>2026-07-22T07:36:27Z</time>
        <extensions>
          <geotracker:meta c="4.72" s="8.72" />
        </extensions>
      </trkpt>
      <trkpt lat="52.48771167" lon="-1.80739667">
        <ele>152.7</ele>
        <time>2026-07-22T07:36:29Z</time>
        <extensions>
          <geotracker:meta c="4.73" s="9.55" />
        </extensions>
      </trkpt>
      <trkpt lat="52.48771333" lon="-1.80769333">
        <ele>152</ele>
        <time>2026-07-22T07:36:31Z</time>
        <extensions>
          <geotracker:meta c="4.72" s="10.16" />
        </extensions>
      </trkpt>
      <trkpt lat="52.48771" lon="-1.807845">
        <ele>151.7</ele>
        <time>2026-07-22T07:36:32Z</time>
        <extensions>
          <geotracker:meta c="4.7" s="10.59" />
        </extensions>
      </trkpt>
      <trkpt lat="52.48771333" lon="-1.80799667">
        <ele>151.5</ele>
        <time>2026-07-22T07:36:33Z</time>
        <extensions>
          <geotracker:meta c="4.68" s="10.72" />
        </extensions>
      </trkpt>
      <trkpt lat="52.48771333" lon="-1.80815167">
        <ele>151.3</ele>
        <time>2026-07-22T07:36:34Z</time>
        <extensions>
          <geotracker:meta c="4.67" s="10.82" />
        </extensions>
      </trkpt>
      <trkpt lat="52.487715" lon="-1.80830833">
        <ele>151</ele>
        <time>2026-07-22T07:36:35Z</time>
        <extensions>
          <geotracker:meta c="4.68" s="10.94" />
        </extensions>
      </trkpt>
      <trkpt lat="52.48771167" lon="-1.80847">
        <ele>151.4</ele>
        <time>2026-07-22T07:36:36Z</time>
        <extensions>
          <geotracker:meta c="4.67" s="10.82" />
        </extensions>
      </trkpt>
      <trkpt lat="52.48770667" lon="-1.80862667">
        <ele>151.5</ele>
        <time>2026-07-22T07:36:37Z</time>
        <extensions>
          <geotracker:meta c="4.67" s="10.38" />
        </extensions>
      </trkpt>
      <trkpt lat="52.48770167" lon="-1.80877833">
        <ele>151.4</ele>
        <time>2026-07-22T07:36:38Z</time>
        <extensions>
          <geotracker:meta c="4.66" s="10.03" />
        </extensions>
      </trkpt>
      <trkpt lat="52.48768167" lon="-1.80903667">
        <ele>151.2</ele>
        <time>2026-07-22T07:36:40Z</time>
        <extensions>
          <geotracker:meta c="4.61" s="8.07" />
        </extensions>
      </trkpt>
      <trkpt lat="52.487655" lon="-1.80919833">
        <ele>150.9</ele>
        <time>2026-07-22T07:36:42Z</time>
        <extensions>
          <geotracker:meta c="4.42" s="4.58" />
        </extensions>
      </trkpt>
      <trkpt lat="52.487575" lon="-1.80937">
        <ele>149.6</ele>
        <time>2026-07-22T07:36:49Z</time>
        <extensions>
          <geotracker:meta c="3.96" s="3.62" />
        </extensions>
      </trkpt>
      <trkpt lat="52.48752167" lon="-1.809575">
        <ele>150.2</ele>
        <time>2026-07-22T07:36:52Z</time>
        <extensions>
          <geotracker:meta c="4.44" s="6.12" />
        </extensions>
      </trkpt>
      <trkpt lat="52.48754667" lon="-1.809755">
        <ele>150.3</ele>
        <time>2026-07-22T07:36:54Z</time>
        <extensions>
          <geotracker:meta c="5.01" s="6.48" />
        </extensions>
      </trkpt>
      <trkpt lat="52.48758667" lon="-1.80996833">
        <ele>150.8</ele>
        <time>2026-07-22T07:36:56Z</time>
        <extensions>
          <geotracker:meta c="5.01" s="7.49" />
        </extensions>
      </trkpt>
      <trkpt lat="52.48762167" lon="-1.81018667">
        <ele>150.8</ele>
        <time>2026-07-22T07:36:58Z</time>
        <extensions>
          <geotracker:meta c="4.96" s="7.71" />
        </extensions>
      </trkpt>
      <trkpt lat="52.48765167" lon="-1.81042667">
        <ele>150.9</ele>
        <time>2026-07-22T07:37:00Z</time>
        <extensions>
          <geotracker:meta c="4.92" s="8.64" />
        </extensions>
      </trkpt>
      <trkpt lat="52.48767667" lon="-1.810665">
        <ele>151.1</ele>
        <time>2026-07-22T07:37:02Z</time>
        <extensions>
          <geotracker:meta c="4.88" s="7.89" />
        </extensions>
      </trkpt>
      <trkpt lat="52.48769" lon="-1.81087167">
        <ele>151.8</ele>
        <time>2026-07-22T07:37:04Z</time>
        <extensions>
          <geotracker:meta c="4.74" s="6.37" />
        </extensions>
      </trkpt>
      <trkpt lat="52.48762" lon="-1.81112167">
        <ele>151.3</ele>
        <time>2026-07-22T07:37:12Z</time>
        <extensions>
          <geotracker:meta c="4.01" s="3.95" />
        </extensions>
      </trkpt>
      <trkpt lat="52.48755667" lon="-1.81125">
        <ele>151.2</ele>
        <time>2026-07-22T07:37:14Z</time>
        <extensions>
          <geotracker:meta c="3.99" s="6.16" />
        </extensions>
      </trkpt>
      <trkpt lat="52.48752" lon="-1.81142333">
        <ele>151.4</ele>
        <time>2026-07-22T07:37:16Z</time>
        <extensions>
          <geotracker:meta c="4.4" s="6.4" />
        </extensions>
      </trkpt>
      <trkpt lat="52.48753333" lon="-1.811605">
        <ele>150.7</ele>
        <time>2026-07-22T07:37:18Z</time>
        <extensions>
          <geotracker:meta c="4.89" s="6.22" />
        </extensions>
      </trkpt>
      <trkpt lat="52.48759833" lon="-1.81174">
        <ele>150.8</ele>
        <time>2026-07-22T07:37:20Z</time>
        <extensions>
          <geotracker:meta c="5.46" s="5.8" />
        </extensions>
      </trkpt>
      <trkpt lat="52.48770667" lon="-1.81183333">
        <ele>150.6</ele>
        <time>2026-07-22T07:37:22Z</time>
        <extensions>
          <geotracker:meta c="5.91" s="7.3" />
        </extensions>
      </trkpt>
      <trkpt lat="52.48782" lon="-1.81195333">
        <ele>149.6</ele>
        <time>2026-07-22T07:37:24Z</time>
        <extensions>
          <geotracker:meta c="5.66" s="8.07" />
        </extensions>
      </trkpt>
      <trkpt lat="52.48793" lon="-1.81214333">
        <ele>149.4</ele>
        <time>2026-07-22T07:37:26Z</time>
        <extensions>
          <geotracker:meta c="5.38" s="9.01" />
        </extensions>
      </trkpt>
      <trkpt lat="52.48804667" lon="-1.81233833">
        <ele>149.2</ele>
        <time>2026-07-22T07:37:28Z</time>
        <extensions>
          <geotracker:meta c="5.47" s="8.96" />
        </extensions>
      </trkpt>
      <trkpt lat="52.48814667" lon="-1.81247833">
        <ele>148.8</ele>
        <time>2026-07-22T07:37:30Z</time>
        <extensions>
          <geotracker:meta c="5.57" s="6" />
        </extensions>
      </trkpt>
      <trkpt lat="52.48822833" lon="-1.812585">
        <ele>149.4</ele>
        <time>2026-07-22T07:37:36Z</time>
        <extensions>
          <geotracker:meta c="5.62" s="0" />
        </extensions>
      </trkpt>
      <trkpt lat="52.48833333" lon="-1.81272667">
        <ele>149.7</ele>
        <time>2026-07-22T07:37:39Z</time>
        <extensions>
          <geotracker:meta c="5.63" s="6.64" />
        </extensions>
      </trkpt>
      <trkpt lat="52.48843167" lon="-1.81284667">
        <ele>150.1</ele>
        <time>2026-07-22T07:37:41Z</time>
        <extensions>
          <geotracker:meta c="5.65" s="7.17" />
        </extensions>
      </trkpt>
      <trkpt lat="52.48855167" lon="-1.81299">
        <ele>150.4</ele>
        <time>2026-07-22T07:37:43Z</time>
        <extensions>
          <geotracker:meta c="5.66" s="8.93" />
        </extensions>
      </trkpt>
      <trkpt lat="52.48868667" lon="-1.81314333">
        <ele>151.1</ele>
        <time>2026-07-22T07:37:45Z</time>
        <extensions>
          <geotracker:meta c="5.65" s="9.13" />
        </extensions>
      </trkpt>
      <trkpt lat="52.488815" lon="-1.81330667">
        <ele>151.3</ele>
        <time>2026-07-22T07:37:47Z</time>
        <extensions>
          <geotracker:meta c="5.62" s="8.98" />
        </extensions>
      </trkpt>
      <trkpt lat="52.48893167" lon="-1.81348833">
        <ele>150.2</ele>
        <time>2026-07-22T07:37:49Z</time>
        <extensions>
          <geotracker:meta c="5.47" s="8.53" />
        </extensions>
      </trkpt>
      <trkpt lat="52.48902333" lon="-1.81368667">
        <ele>149.4</ele>
        <time>2026-07-22T07:37:51Z</time>
        <extensions>
          <geotracker:meta c="5.33" s="8.36" />
        </extensions>
      </trkpt>
      <trkpt lat="52.48910833" lon="-1.81389833">
        <ele>149.4</ele>
        <time>2026-07-22T07:37:53Z</time>
        <extensions>
          <geotracker:meta c="5.27" s="8.87" />
        </extensions>
      </trkpt>
      <trkpt lat="52.489175" lon="-1.81412167">
        <ele>149.4</ele>
        <time>2026-07-22T07:37:55Z</time>
        <extensions>
          <geotracker:meta c="5.14" s="8.63" />
        </extensions>
      </trkpt>
      <trkpt lat="52.48922667" lon="-1.81435333">
        <ele>149.4</ele>
        <time>2026-07-22T07:37:57Z</time>
        <extensions>
          <geotracker:meta c="5.04" s="8.56" />
        </extensions>
      </trkpt>
      <trkpt lat="52.48927" lon="-1.81458167">
        <ele>149.2</ele>
        <time>2026-07-22T07:37:59Z</time>
        <extensions>
          <geotracker:meta c="4.99" s="8.04" />
        </extensions>
      </trkpt>
      <trkpt lat="52.48930833" lon="-1.814795">
        <ele>149.4</ele>
        <time>2026-07-22T07:38:01Z</time>
        <extensions>
          <geotracker:meta c="4.95" s="7.59" />
        </extensions>
      </trkpt>
      <trkpt lat="52.489335" lon="-1.81499667">
        <ele>149.3</ele>
        <time>2026-07-22T07:38:03Z</time>
        <extensions>
          <geotracker:meta c="4.87" s="6.89" />
        </extensions>
      </trkpt>
      <trkpt lat="52.48934333" lon="-1.81515">
        <ele>148.5</ele>
        <time>2026-07-22T07:38:06Z</time>
        <extensions>
          <geotracker:meta c="4.69" s="2.51" />
        </extensions>
      </trkpt>
      <trkpt lat="52.48932833" lon="-1.81533833">
        <ele>148.6</ele>
        <time>2026-07-22T07:38:22Z</time>
        <extensions>
          <geotracker:meta c="4.58" s="4.3" />
        </extensions>
      </trkpt>
      <trkpt lat="52.48932" lon="-1.81550333">
        <ele>148.5</ele>
        <time>2026-07-22T07:38:24Z</time>
        <extensions>
          <geotracker:meta c="4.61" s="6.3" />
        </extensions>
      </trkpt>
      <trkpt lat="52.48934667" lon="-1.81565833">
        <ele>148.5</ele>
        <time>2026-07-22T07:38:26Z</time>
        <extensions>
          <geotracker:meta c="5" s="5.6" />
        </extensions>
      </trkpt>
      <trkpt lat="52.48942167" lon="-1.81574667">
        <ele>148.8</ele>
        <time>2026-07-22T07:38:28Z</time>
        <extensions>
          <geotracker:meta c="5.71" s="5.3" />
        </extensions>
      </trkpt>
      <trkpt lat="52.489525" lon="-1.81573333">
        <ele>149</ele>
        <time>2026-07-22T07:38:30Z</time>
        <extensions>
          <geotracker:meta c="0.18" s="5.93" />
        </extensions>
      </trkpt>
      <trkpt lat="52.48963167" lon="-1.81567167">
        <ele>148.9</ele>
        <time>2026-07-22T07:38:32Z</time>
        <extensions>
          <geotracker:meta c="0.39" s="6.23" />
        </extensions>
      </trkpt>
      <trkpt lat="52.489745" lon="-1.81564">
        <ele>148.5</ele>
        <time>2026-07-22T07:38:34Z</time>
        <extensions>
          <geotracker:meta c="0.18" s="6.08" />
        </extensions>
      </trkpt>
      <trkpt lat="52.48986167" lon="-1.81567333">
        <ele>148.6</ele>
        <time>2026-07-22T07:38:36Z</time>
        <extensions>
          <geotracker:meta c="6.05" s="6.72" />
        </extensions>
      </trkpt>
      <trkpt lat="52.48996333" lon="-1.81578667">
        <ele>148.5</ele>
        <time>2026-07-22T07:38:38Z</time>
        <extensions>
          <geotracker:meta c="5.61" s="6.63" />
        </extensions>
      </trkpt>
      <trkpt lat="52.49005833" lon="-1.81591333">
        <ele>148.8</ele>
        <time>2026-07-22T07:38:40Z</time>
        <extensions>
          <geotracker:meta c="5.6" s="7.39" />
        </extensions>
      </trkpt>
      <trkpt lat="52.49018" lon="-1.81606833">
        <ele>149.1</ele>
        <time>2026-07-22T07:38:42Z</time>
        <extensions>
          <geotracker:meta c="5.61" s="8.97" />
        </extensions>
      </trkpt>
      <trkpt lat="52.49030667" lon="-1.81622833">
        <ele>149.1</ele>
        <time>2026-07-22T07:38:44Z</time>
        <extensions>
          <geotracker:meta c="5.64" s="8.94" />
        </extensions>
      </trkpt>
      <trkpt lat="52.49044167" lon="-1.81638333">
        <ele>149.6</ele>
        <time>2026-07-22T07:38:46Z</time>
        <extensions>
          <geotracker:meta c="5.66" s="9.47" />
        </extensions>
      </trkpt>
      <trkpt lat="52.49057833" lon="-1.816555">
        <ele>149.7</ele>
        <time>2026-07-22T07:38:48Z</time>
        <extensions>
          <geotracker:meta c="5.62" s="9.9" />
        </extensions>
      </trkpt>
      <trkpt lat="52.49065333" lon="-1.81664833">
        <ele>149.6</ele>
        <time>2026-07-22T07:38:49Z</time>
        <extensions>
          <geotracker:meta c="5.61" s="10.74" />
        </extensions>
      </trkpt>
      <trkpt lat="52.49072667" lon="-1.81674667">
        <ele>149.6</ele>
        <time>2026-07-22T07:38:50Z</time>
        <extensions>
          <geotracker:meta c="5.61" s="10.75" />
        </extensions>
      </trkpt>
      <trkpt lat="52.49080333" lon="-1.81684167">
        <ele>149.8</ele>
        <time>2026-07-22T07:38:51Z</time>
        <extensions>
          <geotracker:meta c="5.61" s="10.77" />
        </extensions>
      </trkpt>
      <trkpt lat="52.49088" lon="-1.81694333">
        <ele>149.6</ele>
        <time>2026-07-22T07:38:52Z</time>
        <extensions>
          <geotracker:meta c="5.62" s="11.08" />
        </extensions>
      </trkpt>
      <trkpt lat="52.49096333" lon="-1.81704333">
        <ele>149.6</ele>
        <time>2026-07-22T07:38:53Z</time>
        <extensions>
          <geotracker:meta c="5.65" s="11.64" />
        </extensions>
      </trkpt>
      <trkpt lat="52.49105167" lon="-1.81714167">
        <ele>149.7</ele>
        <time>2026-07-22T07:38:54Z</time>
        <extensions>
          <geotracker:meta c="5.68" s="12.09" />
        </extensions>
      </trkpt>
      <trkpt lat="52.49114667" lon="-1.81723167">
        <ele>150.4</ele>
        <time>2026-07-22T07:38:55Z</time>
        <extensions>
          <geotracker:meta c="5.72" s="12.12" />
        </extensions>
      </trkpt>
      <trkpt lat="52.49124333" lon="-1.81731833">
        <ele>150.5</ele>
        <time>2026-07-22T07:38:56Z</time>
        <extensions>
          <geotracker:meta c="5.76" s="12.33" />
        </extensions>
      </trkpt>
      <trkpt lat="52.491345" lon="-1.8174">
        <ele>150.8</ele>
        <time>2026-07-22T07:38:57Z</time>
        <extensions>
          <geotracker:meta c="5.81" s="12.35" />
        </extensions>
      </trkpt>
      <trkpt lat="52.491445" lon="-1.81747333">
        <ele>151.3</ele>
        <time>2026-07-22T07:38:58Z</time>
        <extensions>
          <geotracker:meta c="5.85" s="12.37" />
        </extensions>
      </trkpt>
      <trkpt lat="52.49154833" lon="-1.81754167">
        <ele>151.6</ele>
        <time>2026-07-22T07:38:59Z</time>
        <extensions>
          <geotracker:meta c="5.89" s="12.37" />
        </extensions>
      </trkpt>
      <trkpt lat="52.49165333" lon="-1.817605">
        <ele>151.9</ele>
        <time>2026-07-22T07:39:00Z</time>
        <extensions>
          <geotracker:meta c="5.93" s="12.46" />
        </extensions>
      </trkpt>
      <trkpt lat="52.49175833" lon="-1.81765667">
        <ele>151.9</ele>
        <time>2026-07-22T07:39:01Z</time>
        <extensions>
          <geotracker:meta c="5.98" s="12.45" />
        </extensions>
      </trkpt>
      <trkpt lat="52.49186667" lon="-1.81770167">
        <ele>152.2</ele>
        <time>2026-07-22T07:39:02Z</time>
        <extensions>
          <geotracker:meta c="6.04" s="12.47" />
        </extensions>
      </trkpt>
      <trkpt lat="52.49197667" lon="-1.81773833">
        <ele>152.6</ele>
        <time>2026-07-22T07:39:03Z</time>
        <extensions>
          <geotracker:meta c="6.09" s="12.49" />
        </extensions>
      </trkpt>
      <trkpt lat="52.49209" lon="-1.81777667">
        <ele>153.4</ele>
        <time>2026-07-22T07:39:04Z</time>
        <extensions>
          <geotracker:meta c="6.11" s="12.65" />
        </extensions>
      </trkpt>
      <trkpt lat="52.49220333" lon="-1.81781">
        <ele>154.1</ele>
        <time>2026-07-22T07:39:05Z</time>
        <extensions>
          <geotracker:meta c="6.12" s="12.63" />
        </extensions>
      </trkpt>
      <trkpt lat="52.492315" lon="-1.81784">
        <ele>154.4</ele>
        <time>2026-07-22T07:39:06Z</time>
        <extensions>
          <geotracker:meta c="6.12" s="12.53" />
        </extensions>
      </trkpt>
      <trkpt lat="52.49242333" lon="-1.81786833">
        <ele>154.7</ele>
        <time>2026-07-22T07:39:07Z</time>
        <extensions>
          <geotracker:meta c="6.12" s="12.05" />
        </extensions>
      </trkpt>
      <trkpt lat="52.49252833" lon="-1.817895">
        <ele>154.9</ele>
        <time>2026-07-22T07:39:08Z</time>
        <extensions>
          <geotracker:meta c="6.12" s="11.7" />
        </extensions>
      </trkpt>
      <trkpt lat="52.49263" lon="-1.81792">
        <ele>155</ele>
        <time>2026-07-22T07:39:09Z</time>
        <extensions>
          <geotracker:meta c="6.13" s="11.23" />
        </extensions>
      </trkpt>
      <trkpt lat="52.49272833" lon="-1.81794167">
        <ele>155.8</ele>
        <time>2026-07-22T07:39:10Z</time>
        <extensions>
          <geotracker:meta c="6.13" s="10.7" />
        </extensions>
      </trkpt>
      <trkpt lat="52.492825" lon="-1.817965">
        <ele>155.6</ele>
        <time>2026-07-22T07:39:11Z</time>
        <extensions>
          <geotracker:meta c="6.1" s="10.36" />
        </extensions>
      </trkpt>
      <trkpt lat="52.492985" lon="-1.81803167">
        <ele>155.6</ele>
        <time>2026-07-22T07:39:13Z</time>
        <extensions>
          <geotracker:meta c="5.99" s="8.12" />
        </extensions>
      </trkpt>
      <trkpt lat="52.49309333" lon="-1.81808167">
        <ele>155.3</ele>
        <time>2026-07-22T07:39:15Z</time>
        <extensions>
          <geotracker:meta c="5.94" s="4.98" />
        </extensions>
      </trkpt>
      <trkpt lat="52.49321333" lon="-1.81815167">
        <ele>155.4</ele>
        <time>2026-07-22T07:39:19Z</time>
        <extensions>
          <geotracker:meta c="5.94" s="4.24" />
        </extensions>
      </trkpt>
      <trkpt lat="52.49332167" lon="-1.818205">
        <ele>156.5</ele>
        <time>2026-07-22T07:39:22Z</time>
        <extensions>
          <geotracker:meta c="6.07" s="4.07" />
        </extensions>
      </trkpt>
      <trkpt lat="52.49342667" lon="-1.81822667">
        <ele>157.7</ele>
        <time>2026-07-22T07:39:26Z</time>
        <extensions>
          <geotracker:meta c="6.14" s="1.53" />
        </extensions>
      </trkpt>
      <trkpt lat="52.49355833" lon="-1.81824333">
        <ele>157.2</ele>
        <time>2026-07-22T07:39:51Z</time>
        <extensions>
          <geotracker:meta c="0.14" s="2.5" />
        </extensions>
      </trkpt>
      <trkpt lat="52.493645" lon="-1.81815833">
        <ele>157.2</ele>
        <time>2026-07-22T07:39:54Z</time>
        <extensions>
          <geotracker:meta c="0.62" s="4.36" />
        </extensions>
      </trkpt>
      <trkpt lat="52.493715" lon="-1.81803333">
        <ele>157.2</ele>
        <time>2026-07-22T07:39:56Z</time>
        <extensions>
          <geotracker:meta c="0.85" s="6.01" />
        </extensions>
      </trkpt>
      <trkpt lat="52.49378333" lon="-1.817895">
        <ele>157.3</ele>
        <time>2026-07-22T07:39:58Z</time>
        <extensions>
          <geotracker:meta c="0.88" s="6.4" />
        </extensions>
      </trkpt>
      <trkpt lat="52.49386167" lon="-1.817725">
        <ele>157.5</ele>
        <time>2026-07-22T07:40:00Z</time>
        <extensions>
          <geotracker:meta c="0.89" s="7.21" />
        </extensions>
      </trkpt>
      <trkpt lat="52.49394833" lon="-1.817545">
        <ele>157.7</ele>
        <time>2026-07-22T07:40:02Z</time>
        <extensions>
          <geotracker:meta c="0.89" s="7.78" />
        </extensions>
      </trkpt>
      <trkpt lat="52.49404" lon="-1.81734333">
        <ele>157.6</ele>
        <time>2026-07-22T07:40:04Z</time>
        <extensions>
          <geotracker:meta c="0.89" s="9.02" />
        </extensions>
      </trkpt>
      <trkpt lat="52.49414167" lon="-1.81713167">
        <ele>158.1</ele>
        <time>2026-07-22T07:40:06Z</time>
        <extensions>
          <geotracker:meta c="0.88" s="9.09" />
        </extensions>
      </trkpt>
      <trkpt lat="52.494245" lon="-1.81692167">
        <ele>158.5</ele>
        <time>2026-07-22T07:40:08Z</time>
        <extensions>
          <geotracker:meta c="0.88" s="8.99" />
        </extensions>
      </trkpt>
      <trkpt lat="52.49434833" lon="-1.81672167">
        <ele>158.1</ele>
        <time>2026-07-22T07:40:10Z</time>
        <extensions>
          <geotracker:meta c="0.87" s="8.88" />
        </extensions>
      </trkpt>
      <trkpt lat="52.49444333" lon="-1.816535">
        <ele>157.9</ele>
        <time>2026-07-22T07:40:12Z</time>
        <extensions>
          <geotracker:meta c="0.87" s="7.98" />
        </extensions>
      </trkpt>
      <trkpt lat="52.49452667" lon="-1.81637333">
        <ele>158.3</ele>
        <time>2026-07-22T07:40:14Z</time>
        <extensions>
          <geotracker:meta c="0.88" s="6.85" />
        </extensions>
      </trkpt>
      <trkpt lat="52.494595" lon="-1.81624667">
        <ele>158.8</ele>
        <time>2026-07-22T07:40:16Z</time>
        <extensions>
          <geotracker:meta c="0.87" s="5.4" />
        </extensions>
      </trkpt>
      <trkpt lat="52.49469833" lon="-1.81616">
        <ele>159.3</ele>
        <time>2026-07-22T07:40:19Z</time>
        <extensions>
          <geotracker:meta c="0.34" s="4.05" />
        </extensions>
      </trkpt>
      <trkpt lat="52.49481167" lon="-1.816215">
        <ele>160.7</ele>
        <time>2026-07-22T07:40:22Z</time>
        <extensions>
          <geotracker:meta c="5.76" s="5.02" />
        </extensions>
      </trkpt>
      <trkpt lat="52.494925" lon="-1.81631833">
        <ele>162</ele>
        <time>2026-07-22T07:40:25Z</time>
        <extensions>
          <geotracker:meta c="5.66" s="4.56" />
        </extensions>
      </trkpt>
      <trkpt lat="52.49500167" lon="-1.81641833">
        <ele>162.3</ele>
        <time>2026-07-22T07:40:28Z</time>
        <extensions>
          <geotracker:meta c="5.56" s="3.8" />
        </extensions>
      </trkpt>
      <trkpt lat="52.49506333" lon="-1.81654167">
        <ele>162.9</ele>
        <time>2026-07-22T07:40:31Z</time>
        <extensions>
          <geotracker:meta c="5.32" s="3.62" />
        </extensions>
      </trkpt>
      <trkpt lat="52.49509667" lon="-1.81668333">
        <ele>162.6</ele>
        <time>2026-07-22T07:40:34Z</time>
        <extensions>
          <geotracker:meta c="4.96" s="3.29" />
        </extensions>
      </trkpt>
      <trkpt lat="52.495125" lon="-1.81684">
        <ele>162.6</ele>
        <time>2026-07-22T07:40:37Z</time>
        <extensions>
          <geotracker:meta c="4.98" s="3.57" />
        </extensions>
      </trkpt>
      <trkpt lat="52.49516333" lon="-1.81698667">
        <ele>162.5</ele>
        <time>2026-07-22T07:40:44Z</time>
        <extensions>
          <geotracker:meta c="5.3" s="0" />
        </extensions>
      </trkpt>
      <trkpt lat="52.49521167" lon="-1.81685167">
        <ele>159.4</ele>
        <time>2026-07-22T07:42:43Z</time>
        <extensions>
          <geotracker:meta c="1.87" s="1.84" />
        </extensions>
      </trkpt>
      <trkpt lat="52.49512667" lon="-1.81651">
        <ele>160.3</ele>
        <time>2026-07-22T07:42:50Z</time>
        <extensions>
          <geotracker:meta c="1.85" s="3.73" />
        </extensions>
      </trkpt>
      <trkpt lat="52.49508667" lon="-1.81636667">
        <ele>159.4</ele>
        <time>2026-07-22T07:42:53Z</time>
        <extensions>
          <geotracker:meta c="1.92" s="3.65" />
        </extensions>
      </trkpt>
      <trkpt lat="52.49503333" lon="-1.81623">
        <ele>159.4</ele>
        <time>2026-07-22T07:42:56Z</time>
        <extensions>
          <geotracker:meta c="2.11" s="3.89" />
        </extensions>
      </trkpt>
      <trkpt lat="52.494965" lon="-1.81611">
        <ele>158.5</ele>
        <time>2026-07-22T07:43:00Z</time>
        <extensions>
          <geotracker:meta c="2.43" s="2.5" />
        </extensions>
      </trkpt>
      <trkpt lat="52.494905" lon="-1.81598667">
        <ele>158.4</ele>
        <time>2026-07-22T07:43:14Z</time>
        <extensions>
          <geotracker:meta c="2.32" s="3.1" />
        </extensions>
      </trkpt>
      <trkpt lat="52.49487333" lon="-1.81581667">
        <ele>158</ele>
        <time>2026-07-22T07:43:17Z</time>
        <extensions>
          <geotracker:meta c="1.75" s="4.37" />
        </extensions>
      </trkpt>
      <trkpt lat="52.49489167" lon="-1.81567167">
        <ele>158.1</ele>
        <time>2026-07-22T07:43:19Z</time>
        <extensions>
          <geotracker:meta c="1.28" s="5.34" />
        </extensions>
      </trkpt>
      <trkpt lat="52.49493833" lon="-1.81553667">
        <ele>158.9</ele>
        <time>2026-07-22T07:43:21Z</time>
        <extensions>
          <geotracker:meta c="0.94" s="5.82" />
        </extensions>
      </trkpt>
      <trkpt lat="52.49502" lon="-1.815365">
        <ele>159.3</ele>
        <time>2026-07-22T07:43:23Z</time>
        <extensions>
          <geotracker:meta c="0.9" s="8.08" />
        </extensions>
      </trkpt>
      <trkpt lat="52.49512833" lon="-1.81513167">
        <ele>159.7</ele>
        <time>2026-07-22T07:43:25Z</time>
        <extensions>
          <geotracker:meta c="0.9" s="10.34" />
        </extensions>
      </trkpt>
      <trkpt lat="52.49523333" lon="-1.81490333">
        <ele>159.9</ele>
        <time>2026-07-22T07:43:27Z</time>
        <extensions>
          <geotracker:meta c="0.92" s="10.13" />
        </extensions>
      </trkpt>
      <trkpt lat="52.49528667" lon="-1.81477667">
        <ele>159.9</ele>
        <time>2026-07-22T07:43:28Z</time>
        <extensions>
          <geotracker:meta c="0.94" s="10.69" />
        </extensions>
      </trkpt>
      <trkpt lat="52.49534167" lon="-1.81464">
        <ele>160.1</ele>
        <time>2026-07-22T07:43:29Z</time>
        <extensions>
          <geotracker:meta c="0.96" s="11.44" />
        </extensions>
      </trkpt>
      <trkpt lat="52.49539833" lon="-1.81450333">
        <ele>159.9</ele>
        <time>2026-07-22T07:43:30Z</time>
        <extensions>
          <geotracker:meta c="0.98" s="11.63" />
        </extensions>
      </trkpt>
      <trkpt lat="52.49545333" lon="-1.81436167">
        <ele>159.9</ele>
        <time>2026-07-22T07:43:31Z</time>
        <extensions>
          <geotracker:meta c="0.99" s="11.73" />
        </extensions>
      </trkpt>
      <trkpt lat="52.49550833" lon="-1.81421667">
        <ele>159.8</ele>
        <time>2026-07-22T07:43:32Z</time>
        <extensions>
          <geotracker:meta c="0.99" s="11.87" />
        </extensions>
      </trkpt>
      <trkpt lat="52.49556333" lon="-1.81407333">
        <ele>159.8</ele>
        <time>2026-07-22T07:43:33Z</time>
        <extensions>
          <geotracker:meta c="1" s="11.85" />
        </extensions>
      </trkpt>
      <trkpt lat="52.49561667" lon="-1.81393">
        <ele>159.7</ele>
        <time>2026-07-22T07:43:34Z</time>
        <extensions>
          <geotracker:meta c="1.01" s="11.62" />
        </extensions>
      </trkpt>
      <trkpt lat="52.49566833" lon="-1.81378833">
        <ele>159.9</ele>
        <time>2026-07-22T07:43:35Z</time>
        <extensions>
          <geotracker:meta c="1.01" s="11.82" />
        </extensions>
      </trkpt>
      <trkpt lat="52.49572167" lon="-1.81364667">
        <ele>159.8</ele>
        <time>2026-07-22T07:43:36Z</time>
        <extensions>
          <geotracker:meta c="1.02" s="11.59" />
        </extensions>
      </trkpt>
      <trkpt lat="52.49577167" lon="-1.813505">
        <ele>159.6</ele>
        <time>2026-07-22T07:43:37Z</time>
        <extensions>
          <geotracker:meta c="1.03" s="11.23" />
        </extensions>
      </trkpt>
      <trkpt lat="52.49582" lon="-1.81337167">
        <ele>159.4</ele>
        <time>2026-07-22T07:43:38Z</time>
        <extensions>
          <geotracker:meta c="1.04" s="10.66" />
        </extensions>
      </trkpt>
      <trkpt lat="52.49589833" lon="-1.81313333">
        <ele>159.4</ele>
        <time>2026-07-22T07:43:40Z</time>
        <extensions>
          <geotracker:meta c="1.06" s="9.22" />
        </extensions>
      </trkpt>
      <trkpt lat="52.495965" lon="-1.81292">
        <ele>159.9</ele>
        <time>2026-07-22T07:43:42Z</time>
        <extensions>
          <geotracker:meta c="1.07" s="8.39" />
        </extensions>
      </trkpt>
      <trkpt lat="52.49603" lon="-1.81268667">
        <ele>159.7</ele>
        <time>2026-07-22T07:43:44Z</time>
        <extensions>
          <geotracker:meta c="1.09" s="9.65" />
        </extensions>
      </trkpt>
      <trkpt lat="52.49610833" lon="-1.81241833">
        <ele>159.3</ele>
        <time>2026-07-22T07:43:46Z</time>
        <extensions>
          <geotracker:meta c="1.13" s="10.37" />
        </extensions>
      </trkpt>
      <trkpt lat="52.49617167" lon="-1.81215667">
        <ele>159.9</ele>
        <time>2026-07-22T07:43:48Z</time>
        <extensions>
          <geotracker:meta c="1.16" s="9.82" />
        </extensions>
      </trkpt>
      <trkpt lat="52.496235" lon="-1.81189">
        <ele>160.2</ele>
        <time>2026-07-22T07:43:50Z</time>
        <extensions>
          <geotracker:meta c="1.18" s="10.19" />
        </extensions>
      </trkpt>
      <trkpt lat="52.49627167" lon="-1.81174833">
        <ele>160.3</ele>
        <time>2026-07-22T07:43:51Z</time>
        <extensions>
          <geotracker:meta c="1.17" s="10.48" />
        </extensions>
      </trkpt>
      <trkpt lat="52.49630833" lon="-1.81161167">
        <ele>160.2</ele>
        <time>2026-07-22T07:43:52Z</time>
        <extensions>
          <geotracker:meta c="1.18" s="10.22" />
        </extensions>
      </trkpt>
      <trkpt lat="52.496345" lon="-1.81147167">
        <ele>160.4</ele>
        <time>2026-07-22T07:43:53Z</time>
        <extensions>
          <geotracker:meta c="1.18" s="10.58" />
        </extensions>
      </trkpt>
      <trkpt lat="52.49638" lon="-1.81132167">
        <ele>160</ele>
        <time>2026-07-22T07:43:54Z</time>
        <extensions>
          <geotracker:meta c="1.18" s="10.96" />
        </extensions>
      </trkpt>
      <trkpt lat="52.49641" lon="-1.81116833">
        <ele>159.6</ele>
        <time>2026-07-22T07:43:55Z</time>
        <extensions>
          <geotracker:meta c="1.19" s="11.4" />
        </extensions>
      </trkpt>
      <trkpt lat="52.49644833" lon="-1.81101333">
        <ele>159.6</ele>
        <time>2026-07-22T07:43:56Z</time>
        <extensions>
          <geotracker:meta c="1.2" s="11.42" />
        </extensions>
      </trkpt>
      <trkpt lat="52.49648667" lon="-1.81085667">
        <ele>159.5</ele>
        <time>2026-07-22T07:43:57Z</time>
        <extensions>
          <geotracker:meta c="1.2" s="11.44" />
        </extensions>
      </trkpt>
      <trkpt lat="52.49652333" lon="-1.81069667">
        <ele>159.6</ele>
        <time>2026-07-22T07:43:58Z</time>
        <extensions>
          <geotracker:meta c="1.2" s="11.53" />
        </extensions>
      </trkpt>
      <trkpt lat="52.49655833" lon="-1.81053167">
        <ele>159.6</ele>
        <time>2026-07-22T07:43:59Z</time>
        <extensions>
          <geotracker:meta c="1.21" s="11.89" />
        </extensions>
      </trkpt>
      <trkpt lat="52.49659833" lon="-1.810365">
        <ele>159.5</ele>
        <time>2026-07-22T07:44:00Z</time>
        <extensions>
          <geotracker:meta c="1.22" s="12.34" />
        </extensions>
      </trkpt>
      <trkpt lat="52.49664167" lon="-1.81019667">
        <ele>159.5</ele>
        <time>2026-07-22T07:44:01Z</time>
        <extensions>
          <geotracker:meta c="1.22" s="12.17" />
        </extensions>
      </trkpt>
      <trkpt lat="52.49668333" lon="-1.810025">
        <ele>159.3</ele>
        <time>2026-07-22T07:44:02Z</time>
        <extensions>
          <geotracker:meta c="1.22" s="12.44" />
        </extensions>
      </trkpt>
      <trkpt lat="52.49672" lon="-1.80985333">
        <ele>159.2</ele>
        <time>2026-07-22T07:44:03Z</time>
        <extensions>
          <geotracker:meta c="1.23" s="12.21" />
        </extensions>
      </trkpt>
      <trkpt lat="52.49676" lon="-1.80968333">
        <ele>159.1</ele>
        <time>2026-07-22T07:44:04Z</time>
        <extensions>
          <geotracker:meta c="1.23" s="12.23" />
        </extensions>
      </trkpt>
      <trkpt lat="52.49679667" lon="-1.80951">
        <ele>159</ele>
        <time>2026-07-22T07:44:05Z</time>
        <extensions>
          <geotracker:meta c="1.24" s="12.38" />
        </extensions>
      </trkpt>
      <trkpt lat="52.49683667" lon="-1.809335">
        <ele>159</ele>
        <time>2026-07-22T07:44:06Z</time>
        <extensions>
          <geotracker:meta c="1.25" s="12.36" />
        </extensions>
      </trkpt>
      <trkpt lat="52.49687167" lon="-1.80917">
        <ele>159</ele>
        <time>2026-07-22T07:44:07Z</time>
        <extensions>
          <geotracker:meta c="1.25" s="11.65" />
        </extensions>
      </trkpt>
      <trkpt lat="52.49692167" lon="-1.80895">
        <ele>159.3</ele>
        <time>2026-07-22T07:44:09Z</time>
        <extensions>
          <geotracker:meta c="1.26" s="6.51" />
        </extensions>
      </trkpt>
      <trkpt lat="52.49695" lon="-1.80881">
        <ele>158.8</ele>
        <time>2026-07-22T07:44:13Z</time>
        <extensions>
          <geotracker:meta c="1.26" s="1.03" />
        </extensions>
      </trkpt>
      <trkpt lat="52.49698" lon="-1.80864167">
        <ele>158</ele>
        <time>2026-07-22T07:44:24Z</time>
        <extensions>
          <geotracker:meta c="1.26" s="0" />
        </extensions>
      </trkpt>
      <trkpt lat="52.497015" lon="-1.80845667">
        <ele>157.8</ele>
        <time>2026-07-22T07:44:26Z</time>
        <extensions>
          <geotracker:meta c="1.27" s="6.18" />
        </extensions>
      </trkpt>
      <trkpt lat="52.49705833" lon="-1.80825833">
        <ele>157.6</ele>
        <time>2026-07-22T07:44:28Z</time>
        <extensions>
          <geotracker:meta c="1.22" s="7.52" />
        </extensions>
      </trkpt>
      <trkpt lat="52.49712" lon="-1.808025">
        <ele>157.5</ele>
        <time>2026-07-22T07:44:30Z</time>
        <extensions>
          <geotracker:meta c="1.16" s="8.97" />
        </extensions>
      </trkpt>
      <trkpt lat="52.497195" lon="-1.80776167">
        <ele>156.9</ele>
        <time>2026-07-22T07:44:32Z</time>
        <extensions>
          <geotracker:meta c="1.11" s="9.8" />
        </extensions>
      </trkpt>
      <trkpt lat="52.49724333" lon="-1.80763667">
        <ele>156.8</ele>
        <time>2026-07-22T07:44:33Z</time>
        <extensions>
          <geotracker:meta c="1.06" s="9.81" />
        </extensions>
      </trkpt>
      <trkpt lat="52.49729667" lon="-1.80750833">
        <ele>156.6</ele>
        <time>2026-07-22T07:44:34Z</time>
        <extensions>
          <geotracker:meta c="0.98" s="10.27" />
        </extensions>
      </trkpt>
      <trkpt lat="52.49735833" lon="-1.807385">
        <ele>156.4</ele>
        <time>2026-07-22T07:44:35Z</time>
        <extensions>
          <geotracker:meta c="0.9" s="10.82" />
        </extensions>
      </trkpt>
      <trkpt lat="52.49742667" lon="-1.80726">
        <ele>156.7</ele>
        <time>2026-07-22T07:44:36Z</time>
        <extensions>
          <geotracker:meta c="0.83" s="11.47" />
        </extensions>
      </trkpt>
      <trkpt lat="52.49749833" lon="-1.80712833">
        <ele>156.5</ele>
        <time>2026-07-22T07:44:37Z</time>
        <extensions>
          <geotracker:meta c="0.83" s="12.06" />
        </extensions>
      </trkpt>
      <trkpt lat="52.497575" lon="-1.80699333">
        <ele>156</ele>
        <time>2026-07-22T07:44:38Z</time>
        <extensions>
          <geotracker:meta c="0.84" s="12.54" />
        </extensions>
      </trkpt>
      <trkpt lat="52.497655" lon="-1.80686333">
        <ele>155.1</ele>
        <time>2026-07-22T07:44:39Z</time>
        <extensions>
          <geotracker:meta c="0.83" s="12.77" />
        </extensions>
      </trkpt>
      <trkpt lat="52.497735" lon="-1.80672667">
        <ele>155</ele>
        <time>2026-07-22T07:44:40Z</time>
        <extensions>
          <geotracker:meta c="0.83" s="12.81" />
        </extensions>
      </trkpt>
      <trkpt lat="52.49781667" lon="-1.80658333">
        <ele>154.6</ele>
        <time>2026-07-22T07:44:41Z</time>
        <extensions>
          <geotracker:meta c="0.83" s="13.14" />
        </extensions>
      </trkpt>
      <trkpt lat="52.49789667" lon="-1.80644">
        <ele>154.2</ele>
        <time>2026-07-22T07:44:42Z</time>
        <extensions>
          <geotracker:meta c="0.83" s="13.15" />
        </extensions>
      </trkpt>
      <trkpt lat="52.49797667" lon="-1.80629667">
        <ele>153.6</ele>
        <time>2026-07-22T07:44:43Z</time>
        <extensions>
          <geotracker:meta c="0.83" s="13.05" />
        </extensions>
      </trkpt>
      <trkpt lat="52.49805667" lon="-1.80615667">
        <ele>153.3</ele>
        <time>2026-07-22T07:44:44Z</time>
        <extensions>
          <geotracker:meta c="0.83" s="12.75" />
        </extensions>
      </trkpt>
      <trkpt lat="52.49813667" lon="-1.806015">
        <ele>153</ele>
        <time>2026-07-22T07:44:45Z</time>
        <extensions>
          <geotracker:meta c="0.83" s="12.67" />
        </extensions>
      </trkpt>
      <trkpt lat="52.49821667" lon="-1.80588167">
        <ele>152.2</ele>
        <time>2026-07-22T07:44:46Z</time>
        <extensions>
          <geotracker:meta c="0.83" s="12.75" />
        </extensions>
      </trkpt>
      <trkpt lat="52.49829" lon="-1.80574667">
        <ele>152</ele>
        <time>2026-07-22T07:44:47Z</time>
        <extensions>
          <geotracker:meta c="0.83" s="12.49" />
        </extensions>
      </trkpt>
      <trkpt lat="52.498365" lon="-1.80561333">
        <ele>151.7</ele>
        <time>2026-07-22T07:44:48Z</time>
        <extensions>
          <geotracker:meta c="0.83" s="12.5" />
        </extensions>
      </trkpt>
      <trkpt lat="52.49843833" lon="-1.80547833">
        <ele>151.4</ele>
        <time>2026-07-22T07:44:49Z</time>
        <extensions>
          <geotracker:meta c="0.83" s="12.46" />
        </extensions>
      </trkpt>
      <trkpt lat="52.498515" lon="-1.80534667">
        <ele>151.1</ele>
        <time>2026-07-22T07:44:50Z</time>
        <extensions>
          <geotracker:meta c="0.83" s="12.33" />
        </extensions>
      </trkpt>
      <trkpt lat="52.49858667" lon="-1.805215">
        <ele>150.9</ele>
        <time>2026-07-22T07:44:51Z</time>
        <extensions>
          <geotracker:meta c="0.83" s="12.24" />
        </extensions>
      </trkpt>
      <trkpt lat="52.49866333" lon="-1.80508667">
        <ele>150.8</ele>
        <time>2026-07-22T07:44:52Z</time>
        <extensions>
          <geotracker:meta c="0.83" s="12.26" />
        </extensions>
      </trkpt>
      <trkpt lat="52.49873833" lon="-1.80496167">
        <ele>150.5</ele>
        <time>2026-07-22T07:44:53Z</time>
        <extensions>
          <geotracker:meta c="0.82" s="12.08" />
        </extensions>
      </trkpt>
      <trkpt lat="52.49881167" lon="-1.804845">
        <ele>150.1</ele>
        <time>2026-07-22T07:44:54Z</time>
        <extensions>
          <geotracker:meta c="0.82" s="11.46" />
        </extensions>
      </trkpt>
      <trkpt lat="52.49887167" lon="-1.804735">
        <ele>149.9</ele>
        <time>2026-07-22T07:44:55Z</time>
        <extensions>
          <geotracker:meta c="0.82" s="10.17" />
        </extensions>
      </trkpt>
      <trkpt lat="52.49897667" lon="-1.804545">
        <ele>149.3</ele>
        <time>2026-07-22T07:44:57Z</time>
        <extensions>
          <geotracker:meta c="0.83" s="8.32" />
        </extensions>
      </trkpt>
      <trkpt lat="52.49905167" lon="-1.804405">
        <ele>149.6</ele>
        <time>2026-07-22T07:44:59Z</time>
        <extensions>
          <geotracker:meta c="0.89" s="6.16" />
        </extensions>
      </trkpt>
      <trkpt lat="52.499115" lon="-1.80428833">
        <ele>151.1</ele>
        <time>2026-07-22T07:45:02Z</time>
        <extensions>
          <geotracker:meta c="0.94" s="3.08" />
        </extensions>
      </trkpt>
      <trkpt lat="52.49918167" lon="-1.80416333">
        <ele>150.7</ele>
        <time>2026-07-22T07:45:09Z</time>
        <extensions>
          <geotracker:meta c="0.89" s="4.37" />
        </extensions>
      </trkpt>
      <trkpt lat="52.49923167" lon="-1.80404">
        <ele>150.9</ele>
        <time>2026-07-22T07:45:11Z</time>
        <extensions>
          <geotracker:meta c="0.97" s="5.55" />
        </extensions>
      </trkpt>
      <trkpt lat="52.49920667" lon="-1.80384667">
        <ele>151</ele>
        <time>2026-07-22T07:45:14Z</time>
        <extensions>
          <geotracker:meta c="2.18" s="4.69" />
        </extensions>
      </trkpt>
      <trkpt lat="52.49909667" lon="-1.80375">
        <ele>150.3</ele>
        <time>2026-07-22T07:45:17Z</time>
        <extensions>
          <geotracker:meta c="2.9" s="4.66" />
        </extensions>
      </trkpt>
      <trkpt lat="52.49901833" lon="-1.80364167">
        <ele>150</ele>
        <time>2026-07-22T07:45:19Z</time>
        <extensions>
          <geotracker:meta c="2.44" s="5.93" />
        </extensions>
      </trkpt>
      <trkpt lat="52.498955" lon="-1.80346333">
        <ele>149.9</ele>
        <time>2026-07-22T07:45:21Z</time>
        <extensions>
          <geotracker:meta c="2.11" s="6.75" />
        </extensions>
      </trkpt>
      <trkpt lat="52.4989" lon="-1.80327333">
        <ele>150.2</ele>
        <time>2026-07-22T07:45:23Z</time>
        <extensions>
          <geotracker:meta c="2.02" s="7.18" />
        </extensions>
      </trkpt>
      <trkpt lat="52.49883833" lon="-1.80310167">
        <ele>150.5</ele>
        <time>2026-07-22T07:45:25Z</time>
        <extensions>
          <geotracker:meta c="2.04" s="6.15" />
        </extensions>
      </trkpt>
      <trkpt lat="52.49878333" lon="-1.80291167">
        <ele>150.3</ele>
        <time>2026-07-22T07:45:28Z</time>
        <extensions>
          <geotracker:meta c="1.98" s="4.41" />
        </extensions>
      </trkpt>
      <trkpt lat="52.49874333" lon="-1.802775">
        <ele>150.1</ele>
        <time>2026-07-22T07:45:32Z</time>
        <extensions>
          <geotracker:meta c="2.06" s="1.09" />
        </extensions>
      </trkpt>
      <trkpt lat="52.49868333" lon="-1.802605">
        <ele>149.2</ele>
        <time>2026-07-22T07:45:36Z</time>
        <extensions>
          <geotracker:meta c="2.06" s="5.04" />
        </extensions>
      </trkpt>
      <trkpt lat="52.49864333" lon="-1.80244833">
        <ele>149.4</ele>
        <time>2026-07-22T07:45:38Z</time>
        <extensions>
          <geotracker:meta c="1.99" s="6.16" />
        </extensions>
      </trkpt>
      <trkpt lat="52.49859167" lon="-1.802255">
        <ele>149</ele>
        <time>2026-07-22T07:45:40Z</time>
        <extensions>
          <geotracker:meta c="1.98" s="7.12" />
        </extensions>
      </trkpt>
      <trkpt lat="52.49853333" lon="-1.80203667">
        <ele>148.7</ele>
        <time>2026-07-22T07:45:42Z</time>
        <extensions>
          <geotracker:meta c="1.97" s="8.14" />
        </extensions>
      </trkpt>
      <trkpt lat="52.49848667" lon="-1.801835">
        <ele>147.4</ele>
        <time>2026-07-22T07:45:44Z</time>
        <extensions>
          <geotracker:meta c="1.94" s="7.85" />
        </extensions>
      </trkpt>
      <trkpt lat="52.49845" lon="-1.80162667">
        <ele>146.9</ele>
        <time>2026-07-22T07:45:46Z</time>
        <extensions>
          <geotracker:meta c="1.91" s="7.42" />
        </extensions>
      </trkpt>
      <trkpt lat="52.49839833" lon="-1.80145">
        <ele>146.6</ele>
        <time>2026-07-22T07:45:48Z</time>
        <extensions>
          <geotracker:meta c="2" s="6.66" />
        </extensions>
      </trkpt>
      <trkpt lat="52.49834667" lon="-1.80131">
        <ele>146.1</ele>
        <time>2026-07-22T07:45:50Z</time>
        <extensions>
          <geotracker:meta c="2.04" s="4.71" />
        </extensions>
      </trkpt>
      <trkpt lat="52.49829833" lon="-1.80117833">
        <ele>146.4</ele>
        <time>2026-07-22T07:45:54Z</time>
        <extensions>
          <geotracker:meta c="2.13" s="1.94" />
        </extensions>
      </trkpt>
      <trkpt lat="52.49823333" lon="-1.80106833">
        <ele>146.9</ele>
        <time>2026-07-22T07:46:14Z</time>
        <extensions>
          <geotracker:meta c="2.33" s="3.31" />
        </extensions>
      </trkpt>
      <trkpt lat="52.49815833" lon="-1.80090667">
        <ele>146.8</ele>
        <time>2026-07-22T07:46:17Z</time>
        <extensions>
          <geotracker:meta c="2.22" s="4.8" />
        </extensions>
      </trkpt>
      <trkpt lat="52.49809667" lon="-1.80075667">
        <ele>147.4</ele>
        <time>2026-07-22T07:46:19Z</time>
        <extensions>
          <geotracker:meta c="2.19" s="6.21" />
        </extensions>
      </trkpt>
      <trkpt lat="52.498015" lon="-1.800595">
        <ele>147.2</ele>
        <time>2026-07-22T07:46:21Z</time>
        <extensions>
          <geotracker:meta c="2.28" s="7.6" />
        </extensions>
      </trkpt>
      <trkpt lat="52.49791833" lon="-1.80040667">
        <ele>147.2</ele>
        <time>2026-07-22T07:46:23Z</time>
        <extensions>
          <geotracker:meta c="2.3" s="8.7" />
        </extensions>
      </trkpt>
      <trkpt lat="52.49782" lon="-1.80022">
        <ele>147.2</ele>
        <time>2026-07-22T07:46:25Z</time>
        <extensions>
          <geotracker:meta c="2.31" s="8.47" />
        </extensions>
      </trkpt>
      <trkpt lat="52.497715" lon="-1.80002667">
        <ele>147.1</ele>
        <time>2026-07-22T07:46:27Z</time>
        <extensions>
          <geotracker:meta c="2.3" s="9.12" />
        </extensions>
      </trkpt>
      <trkpt lat="52.49760667" lon="-1.79981333">
        <ele>146.6</ele>
        <time>2026-07-22T07:46:29Z</time>
        <extensions>
          <geotracker:meta c="2.26" s="9.8" />
        </extensions>
      </trkpt>
      <trkpt lat="52.49749333" lon="-1.799585">
        <ele>145.9</ele>
        <time>2026-07-22T07:46:31Z</time>
        <extensions>
          <geotracker:meta c="2.28" s="10.21" />
        </extensions>
      </trkpt>
      <trkpt lat="52.49743667" lon="-1.79946833">
        <ele>146.1</ele>
        <time>2026-07-22T07:46:32Z</time>
        <extensions>
          <geotracker:meta c="2.27" s="9.97" />
        </extensions>
      </trkpt>
      <trkpt lat="52.49738" lon="-1.79935333">
        <ele>146</ele>
        <time>2026-07-22T07:46:33Z</time>
        <extensions>
          <geotracker:meta c="2.24" s="9.98" />
        </extensions>
      </trkpt>
      <trkpt lat="52.49732" lon="-1.79923833">
        <ele>145.9</ele>
        <time>2026-07-22T07:46:34Z</time>
        <extensions>
          <geotracker:meta c="2.26" s="10.22" />
        </extensions>
      </trkpt>
      <trkpt lat="52.497255" lon="-1.79911833">
        <ele>146</ele>
        <time>2026-07-22T07:46:35Z</time>
        <extensions>
          <geotracker:meta c="2.29" s="10.73" />
        </extensions>
      </trkpt>
      <trkpt lat="52.49719" lon="-1.79899833">
        <ele>146</ele>
        <time>2026-07-22T07:46:36Z</time>
        <extensions>
          <geotracker:meta c="2.3" s="10.88" />
        </extensions>
      </trkpt>
      <trkpt lat="52.49712167" lon="-1.79888">
        <ele>145.5</ele>
        <time>2026-07-22T07:46:37Z</time>
        <extensions>
          <geotracker:meta c="2.31" s="11.13" />
        </extensions>
      </trkpt>
      <trkpt lat="52.49705" lon="-1.79876333">
        <ele>145.5</ele>
        <time>2026-07-22T07:46:38Z</time>
        <extensions>
          <geotracker:meta c="2.36" s="11.05" />
        </extensions>
      </trkpt>
      <trkpt lat="52.496975" lon="-1.79865667">
        <ele>145.9</ele>
        <time>2026-07-22T07:46:39Z</time>
        <extensions>
          <geotracker:meta c="2.42" s="10.86" />
        </extensions>
      </trkpt>
      <trkpt lat="52.49690167" lon="-1.798565">
        <ele>145.7</ele>
        <time>2026-07-22T07:46:40Z</time>
        <extensions>
          <geotracker:meta c="2.5" s="10.53" />
        </extensions>
      </trkpt>
      <trkpt lat="52.49682167" lon="-1.79847667">
        <ele>145.6</ele>
        <time>2026-07-22T07:46:41Z</time>
        <extensions>
          <geotracker:meta c="2.53" s="10.41" />
        </extensions>
      </trkpt>
      <trkpt lat="52.49674833" lon="-1.798385">
        <ele>145.7</ele>
        <time>2026-07-22T07:46:42Z</time>
        <extensions>
          <geotracker:meta c="2.5" s="10.16" />
        </extensions>
      </trkpt>
      <trkpt lat="52.496615" lon="-1.798205">
        <ele>145.9</ele>
        <time>2026-07-22T07:46:44Z</time>
        <extensions>
          <geotracker:meta c="2.46" s="9.49" />
        </extensions>
      </trkpt>
      <trkpt lat="52.49648333" lon="-1.79806667">
        <ele>145.3</ele>
        <time>2026-07-22T07:46:46Z</time>
        <extensions>
          <geotracker:meta c="2.56" s="8.02" />
        </extensions>
      </trkpt>
      <trkpt lat="52.496385" lon="-1.79797833">
        <ele>144.9</ele>
        <time>2026-07-22T07:46:48Z</time>
        <extensions>
          <geotracker:meta c="2.68" s="5.26" />
        </extensions>
      </trkpt>
      <trkpt lat="52.49630833" lon="-1.79787667">
        <ele>145.2</ele>
        <time>2026-07-22T07:46:54Z</time>
        <extensions>
          <geotracker:meta c="2.26" s="0" />
        </extensions>
      </trkpt>
      <trkpt lat="52.49630667" lon="-1.79768167">
        <ele>144.3</ele>
        <time>2026-07-22T07:46:57Z</time>
        <extensions>
          <geotracker:meta c="1.42" s="5.32" />
        </extensions>
      </trkpt>
      <trkpt lat="52.49631667" lon="-1.79752167">
        <ele>144.4</ele>
        <time>2026-07-22T07:46:59Z</time>
        <extensions>
          <geotracker:meta c="1.43" s="5.57" />
        </extensions>
      </trkpt>
      <trkpt lat="52.49632833" lon="-1.79730333">
        <ele>144.4</ele>
        <time>2026-07-22T07:47:02Z</time>
        <extensions>
          <geotracker:meta c="1.5" s="5.13" />
        </extensions>
      </trkpt>
      <trkpt lat="52.496335" lon="-1.79713833">
        <ele>143</ele>
        <time>2026-07-22T07:47:06Z</time>
        <extensions>
          <geotracker:meta c="1.51" s="2.23" />
        </extensions>
      </trkpt>
      <trkpt lat="52.49632833" lon="-1.796985">
        <ele>142.6</ele>
        <time>2026-07-22T07:47:44Z</time>
        <extensions>
          <geotracker:meta c="1.56" s="0" />
        </extensions>
      </trkpt>
      <trkpt lat="52.49633667" lon="-1.79676833">
        <ele>142.9</ele>
        <time>2026-07-22T07:47:47Z</time>
        <extensions>
          <geotracker:meta c="1.52" s="5.33" />
        </extensions>
      </trkpt>
      <trkpt lat="52.49634167" lon="-1.79657833">
        <ele>143.6</ele>
        <time>2026-07-22T07:47:49Z</time>
        <extensions>
          <geotracker:meta c="1.52" s="6.88" />
        </extensions>
      </trkpt>
      <trkpt lat="52.49634667" lon="-1.79635667">
        <ele>144</ele>
        <time>2026-07-22T07:47:51Z</time>
        <extensions>
          <geotracker:meta c="1.54" s="7.62" />
        </extensions>
      </trkpt>
      <trkpt lat="52.49634833" lon="-1.79610667">
        <ele>144.6</ele>
        <time>2026-07-22T07:47:53Z</time>
        <extensions>
          <geotracker:meta c="1.54" s="8.69" />
        </extensions>
      </trkpt>
      <trkpt lat="52.49636833" lon="-1.79583667">
        <ele>144.8</ele>
        <time>2026-07-22T07:47:55Z</time>
        <extensions>
          <geotracker:meta c="1.47" s="9.39" />
        </extensions>
      </trkpt>
      <trkpt lat="52.49638333" lon="-1.79555833">
        <ele>144.9</ele>
        <time>2026-07-22T07:47:57Z</time>
        <extensions>
          <geotracker:meta c="1.5" s="9.67" />
        </extensions>
      </trkpt>
      <trkpt lat="52.496395" lon="-1.79526667">
        <ele>145.2</ele>
        <time>2026-07-22T07:47:59Z</time>
        <extensions>
          <geotracker:meta c="1.51" s="9.83" />
        </extensions>
      </trkpt>
      <trkpt lat="52.4964" lon="-1.79511667">
        <ele>145.3</ele>
        <time>2026-07-22T07:48:00Z</time>
        <extensions>
          <geotracker:meta c="1.52" s="9.96" />
        </extensions>
      </trkpt>
      <trkpt lat="52.49641333" lon="-1.79497">
        <ele>144.7</ele>
        <time>2026-07-22T07:48:01Z</time>
        <extensions>
          <geotracker:meta c="1.52" s="10.44" />
        </extensions>
      </trkpt>
      <trkpt lat="52.49641833" lon="-1.79480833">
        <ele>144.7</ele>
        <time>2026-07-22T07:48:02Z</time>
        <extensions>
          <geotracker:meta c="1.51" s="10.72" />
        </extensions>
      </trkpt>
      <trkpt lat="52.49642667" lon="-1.79464333">
        <ele>144.6</ele>
        <time>2026-07-22T07:48:03Z</time>
        <extensions>
          <geotracker:meta c="1.5" s="11.21" />
        </extensions>
      </trkpt>
      <trkpt lat="52.49643667" lon="-1.79447833">
        <ele>144.6</ele>
        <time>2026-07-22T07:48:04Z</time>
        <extensions>
          <geotracker:meta c="1.47" s="11.07" />
        </extensions>
      </trkpt>
      <trkpt lat="52.49645" lon="-1.79431833">
        <ele>144.5</ele>
        <time>2026-07-22T07:48:05Z</time>
        <extensions>
          <geotracker:meta c="1.44" s="11.04" />
        </extensions>
      </trkpt>
      <trkpt lat="52.49646667" lon="-1.79415667">
        <ele>144.5</ele>
        <time>2026-07-22T07:48:06Z</time>
        <extensions>
          <geotracker:meta c="1.41" s="11.18" />
        </extensions>
      </trkpt>
      <trkpt lat="52.496485" lon="-1.79400333">
        <ele>144.4</ele>
        <time>2026-07-22T07:48:07Z</time>
        <extensions>
          <geotracker:meta c="1.39" s="10.9" />
        </extensions>
      </trkpt>
      <trkpt lat="52.496505" lon="-1.79385667">
        <ele>144.7</ele>
        <time>2026-07-22T07:48:08Z</time>
        <extensions>
          <geotracker:meta c="1.36" s="10.61" />
        </extensions>
      </trkpt>
      <trkpt lat="52.49652333" lon="-1.79370167">
        <ele>144.7</ele>
        <time>2026-07-22T07:48:09Z</time>
        <extensions>
          <geotracker:meta c="1.36" s="10.62" />
        </extensions>
      </trkpt>
      <trkpt lat="52.49654167" lon="-1.793545">
        <ele>145.2</ele>
        <time>2026-07-22T07:48:10Z</time>
        <extensions>
          <geotracker:meta c="1.36" s="10.84" />
        </extensions>
      </trkpt>
      <trkpt lat="52.49656167" lon="-1.79338833">
        <ele>145.2</ele>
        <time>2026-07-22T07:48:11Z</time>
        <extensions>
          <geotracker:meta c="1.36" s="10.83" />
        </extensions>
      </trkpt>
      <trkpt lat="52.49658" lon="-1.79323667">
        <ele>145.2</ele>
        <time>2026-07-22T07:48:12Z</time>
        <extensions>
          <geotracker:meta c="1.35" s="10.67" />
        </extensions>
      </trkpt>
      <trkpt lat="52.49659833" lon="-1.793085">
        <ele>145.2</ele>
        <time>2026-07-22T07:48:13Z</time>
        <extensions>
          <geotracker:meta c="1.36" s="10.55" />
        </extensions>
      </trkpt>
      <trkpt lat="52.49661333" lon="-1.79293333">
        <ele>145.1</ele>
        <time>2026-07-22T07:48:14Z</time>
        <extensions>
          <geotracker:meta c="1.37" s="10.56" />
        </extensions>
      </trkpt>
      <trkpt lat="52.49664667" lon="-1.79266">
        <ele>145</ele>
        <time>2026-07-22T07:48:16Z</time>
        <extensions>
          <geotracker:meta c="1.37" s="9.09" />
        </extensions>
      </trkpt>
      <trkpt lat="52.49667333" lon="-1.792455">
        <ele>144.5</ele>
        <time>2026-07-22T07:48:18Z</time>
        <extensions>
          <geotracker:meta c="1.34" s="6.36" />
        </extensions>
      </trkpt>
      <trkpt lat="52.49671" lon="-1.79228833">
        <ele>143.9</ele>
        <time>2026-07-22T07:48:22Z</time>
        <extensions>
          <geotracker:meta c="1.12" s="2.11" />
        </extensions>
      </trkpt>
      <trkpt lat="52.49678667" lon="-1.79213167">
        <ele>144.1</ele>
        <time>2026-07-22T07:48:25Z</time>
        <extensions>
          <geotracker:meta c="0.78" s="5.28" />
        </extensions>
      </trkpt>
      <trkpt lat="52.49683333" lon="-1.79199333">
        <ele>144.7</ele>
        <time>2026-07-22T07:48:27Z</time>
        <extensions>
          <geotracker:meta c="1.04" s="5.34" />
        </extensions>
      </trkpt>
      <trkpt lat="52.49681333" lon="-1.79178">
        <ele>145</ele>
        <time>2026-07-22T07:48:30Z</time>
        <extensions>
          <geotracker:meta c="2.04" s="5.19" />
        </extensions>
      </trkpt>
      <trkpt lat="52.49670333" lon="-1.791715">
        <ele>145.5</ele>
        <time>2026-07-22T07:48:33Z</time>
        <extensions>
          <geotracker:meta c="3.06" s="5.03" />
        </extensions>
      </trkpt>
      <trkpt lat="52.49661667" lon="-1.79178333">
        <ele>145.1</ele>
        <time>2026-07-22T07:48:35Z</time>
        <extensions>
          <geotracker:meta c="3.66" s="5.48" />
        </extensions>
      </trkpt>
      <trkpt lat="52.49652167" lon="-1.79187333">
        <ele>143.8</ele>
        <time>2026-07-22T07:48:37Z</time>
        <extensions>
          <geotracker:meta c="3.76" s="5.78" />
        </extensions>
      </trkpt>
      <trkpt lat="52.49640833" lon="-1.79193">
        <ele>143</ele>
        <time>2026-07-22T07:48:39Z</time>
        <extensions>
          <geotracker:meta c="3.46" s="6.86" />
        </extensions>
      </trkpt>
      <trkpt lat="52.496275" lon="-1.79193">
        <ele>142.7</ele>
        <time>2026-07-22T07:48:41Z</time>
        <extensions>
          <geotracker:meta c="3.1" s="7.98" />
        </extensions>
      </trkpt>
      <trkpt lat="52.49611333" lon="-1.79191">
        <ele>142.7</ele>
        <time>2026-07-22T07:48:43Z</time>
        <extensions>
          <geotracker:meta c="3.04" s="9.62" />
        </extensions>
      </trkpt>
      <trkpt lat="52.49602167" lon="-1.79189">
        <ele>142.3</ele>
        <time>2026-07-22T07:48:44Z</time>
        <extensions>
          <geotracker:meta c="3" s="10.34" />
        </extensions>
      </trkpt>
      <trkpt lat="52.49593" lon="-1.79186333">
        <ele>142</ele>
        <time>2026-07-22T07:48:45Z</time>
        <extensions>
          <geotracker:meta c="2.97" s="10.24" />
        </extensions>
      </trkpt>
      <trkpt lat="52.49584167" lon="-1.79182833">
        <ele>141.7</ele>
        <time>2026-07-22T07:48:46Z</time>
        <extensions>
          <geotracker:meta c="2.94" s="10.25" />
        </extensions>
      </trkpt>
      <trkpt lat="52.495755" lon="-1.791785">
        <ele>141.7</ele>
        <time>2026-07-22T07:48:47Z</time>
        <extensions>
          <geotracker:meta c="2.89" s="10.51" />
        </extensions>
      </trkpt>
      <trkpt lat="52.49566" lon="-1.79173333">
        <ele>141.6</ele>
        <time>2026-07-22T07:48:48Z</time>
        <extensions>
          <geotracker:meta c="2.83" s="11.23" />
        </extensions>
      </trkpt>
      <trkpt lat="52.49556167" lon="-1.79167">
        <ele>141.2</ele>
        <time>2026-07-22T07:48:49Z</time>
        <extensions>
          <geotracker:meta c="2.77" s="11.6" />
        </extensions>
      </trkpt>
      <trkpt lat="52.49546667" lon="-1.79159667">
        <ele>141</ele>
        <time>2026-07-22T07:48:50Z</time>
        <extensions>
          <geotracker:meta c="2.72" s="11.73" />
        </extensions>
      </trkpt>
      <trkpt lat="52.49537" lon="-1.79151833">
        <ele>140.7</ele>
        <time>2026-07-22T07:48:51Z</time>
        <extensions>
          <geotracker:meta c="2.67" s="11.64" />
        </extensions>
      </trkpt>
      <trkpt lat="52.49528" lon="-1.791435">
        <ele>140.7</ele>
        <time>2026-07-22T07:48:52Z</time>
        <extensions>
          <geotracker:meta c="2.63" s="11.54" />
        </extensions>
      </trkpt>
      <trkpt lat="52.495195" lon="-1.79134833">
        <ele>140.7</ele>
        <time>2026-07-22T07:48:53Z</time>
        <extensions>
          <geotracker:meta c="2.59" s="11.25" />
        </extensions>
      </trkpt>
      <trkpt lat="52.495115" lon="-1.79126">
        <ele>140.4</ele>
        <time>2026-07-22T07:48:54Z</time>
        <extensions>
          <geotracker:meta c="2.54" s="11.11" />
        </extensions>
      </trkpt>
      <trkpt lat="52.49503667" lon="-1.791155">
        <ele>140.1</ele>
        <time>2026-07-22T07:48:55Z</time>
        <extensions>
          <geotracker:meta c="2.46" s="11.37" />
        </extensions>
      </trkpt>
      <trkpt lat="52.49496333" lon="-1.79103667">
        <ele>140.2</ele>
        <time>2026-07-22T07:48:56Z</time>
        <extensions>
          <geotracker:meta c="2.36" s="11.58" />
        </extensions>
      </trkpt>
      <trkpt lat="52.494895" lon="-1.79090333">
        <ele>140.2</ele>
        <time>2026-07-22T07:48:57Z</time>
        <extensions>
          <geotracker:meta c="2.28" s="12.04" />
        </extensions>
      </trkpt>
      <trkpt lat="52.49482333" lon="-1.790765">
        <ele>140.7</ele>
        <time>2026-07-22T07:48:58Z</time>
        <extensions>
          <geotracker:meta c="2.26" s="12.54" />
        </extensions>
      </trkpt>
      <trkpt lat="52.49475167" lon="-1.79062833">
        <ele>141.5</ele>
        <time>2026-07-22T07:48:59Z</time>
        <extensions>
          <geotracker:meta c="2.26" s="12.27" />
        </extensions>
      </trkpt>
      <trkpt lat="52.49468667" lon="-1.79050167">
        <ele>142.8</ele>
        <time>2026-07-22T07:49:00Z</time>
        <extensions>
          <geotracker:meta c="2.26" s="11.66" />
        </extensions>
      </trkpt>
      <trkpt lat="52.49462667" lon="-1.79038167">
        <ele>143.7</ele>
        <time>2026-07-22T07:49:01Z</time>
        <extensions>
          <geotracker:meta c="2.26" s="11.05" />
        </extensions>
      </trkpt>
      <trkpt lat="52.494565" lon="-1.790255">
        <ele>144.4</ele>
        <time>2026-07-22T07:49:02Z</time>
        <extensions>
          <geotracker:meta c="2.26" s="11.09" />
        </extensions>
      </trkpt>
      <trkpt lat="52.49450167" lon="-1.79012667">
        <ele>145</ele>
        <time>2026-07-22T07:49:03Z</time>
        <extensions>
          <geotracker:meta c="2.24" s="11.48" />
        </extensions>
      </trkpt>
      <trkpt lat="52.494435" lon="-1.78999167">
        <ele>145</ele>
        <time>2026-07-22T07:49:04Z</time>
        <extensions>
          <geotracker:meta c="2.25" s="11.86" />
        </extensions>
      </trkpt>
      <trkpt lat="52.494365" lon="-1.789855">
        <ele>144.7</ele>
        <time>2026-07-22T07:49:05Z</time>
        <extensions>
          <geotracker:meta c="2.25" s="12.08" />
        </extensions>
      </trkpt>
      <trkpt lat="52.49429333" lon="-1.789715">
        <ele>144</ele>
        <time>2026-07-22T07:49:06Z</time>
        <extensions>
          <geotracker:meta c="2.26" s="12.53" />
        </extensions>
      </trkpt>
      <trkpt lat="52.49422" lon="-1.78956333">
        <ele>143.3</ele>
        <time>2026-07-22T07:49:07Z</time>
        <extensions>
          <geotracker:meta c="2.23" s="13.02" />
        </extensions>
      </trkpt>
      <trkpt lat="52.49415167" lon="-1.78941167">
        <ele>143.4</ele>
        <time>2026-07-22T07:49:08Z</time>
        <extensions>
          <geotracker:meta c="2.22" s="13.01" />
        </extensions>
      </trkpt>
      <trkpt lat="52.49408333" lon="-1.78925667">
        <ele>143.8</ele>
        <time>2026-07-22T07:49:09Z</time>
        <extensions>
          <geotracker:meta c="2.21" s="12.99" />
        </extensions>
      </trkpt>
      <trkpt lat="52.49401333" lon="-1.78911">
        <ele>144.1</ele>
        <time>2026-07-22T07:49:10Z</time>
        <extensions>
          <geotracker:meta c="2.21" s="12.68" />
        </extensions>
      </trkpt>
      <trkpt lat="52.49394333" lon="-1.78896667">
        <ele>144.2</ele>
        <time>2026-07-22T07:49:11Z</time>
        <extensions>
          <geotracker:meta c="2.23" s="12.37" />
        </extensions>
      </trkpt>
      <trkpt lat="52.49387167" lon="-1.78883">
        <ele>144.2</ele>
        <time>2026-07-22T07:49:12Z</time>
        <extensions>
          <geotracker:meta c="2.25" s="12.36" />
        </extensions>
      </trkpt>
      <trkpt lat="52.4938" lon="-1.78869333">
        <ele>144.3</ele>
        <time>2026-07-22T07:49:13Z</time>
        <extensions>
          <geotracker:meta c="2.3" s="12.19" />
        </extensions>
      </trkpt>
      <trkpt lat="52.49372333" lon="-1.78856833">
        <ele>144.4</ele>
        <time>2026-07-22T07:49:14Z</time>
        <extensions>
          <geotracker:meta c="2.35" s="12.17" />
        </extensions>
      </trkpt>
      <trkpt lat="52.493645" lon="-1.78845">
        <ele>144</ele>
        <time>2026-07-22T07:49:15Z</time>
        <extensions>
          <geotracker:meta c="2.4" s="12.14" />
        </extensions>
      </trkpt>
      <trkpt lat="52.49356" lon="-1.78834333">
        <ele>144.2</ele>
        <time>2026-07-22T07:49:16Z</time>
        <extensions>
          <geotracker:meta c="2.45" s="11.84" />
        </extensions>
      </trkpt>
      <trkpt lat="52.493475" lon="-1.78824">
        <ele>144.6</ele>
        <time>2026-07-22T07:49:17Z</time>
        <extensions>
          <geotracker:meta c="2.51" s="11.61" />
        </extensions>
      </trkpt>
      <trkpt lat="52.49339167" lon="-1.788145">
        <ele>144.7</ele>
        <time>2026-07-22T07:49:18Z</time>
        <extensions>
          <geotracker:meta c="2.53" s="11.19" />
        </extensions>
      </trkpt>
      <trkpt lat="52.49330667" lon="-1.78805833">
        <ele>144.8</ele>
        <time>2026-07-22T07:49:19Z</time>
        <extensions>
          <geotracker:meta c="2.56" s="11.16" />
        </extensions>
      </trkpt>
      <trkpt lat="52.493215" lon="-1.78798">
        <ele>143.9</ele>
        <time>2026-07-22T07:49:20Z</time>
        <extensions>
          <geotracker:meta c="2.58" s="11.04" />
        </extensions>
      </trkpt>
      <trkpt lat="52.49312833" lon="-1.787895">
        <ele>143.7</ele>
        <time>2026-07-22T07:49:21Z</time>
        <extensions>
          <geotracker:meta c="2.58" s="11.02" />
        </extensions>
      </trkpt>
      <trkpt lat="52.49303833" lon="-1.78780833">
        <ele>143.4</ele>
        <time>2026-07-22T07:49:22Z</time>
        <extensions>
          <geotracker:meta c="2.59" s="11.44" />
        </extensions>
      </trkpt>
      <trkpt lat="52.49294833" lon="-1.78771833">
        <ele>143.4</ele>
        <time>2026-07-22T07:49:23Z</time>
        <extensions>
          <geotracker:meta c="2.59" s="11.47" />
        </extensions>
      </trkpt>
      <trkpt lat="52.49285667" lon="-1.78763">
        <ele>143.7</ele>
        <time>2026-07-22T07:49:24Z</time>
        <extensions>
          <geotracker:meta c="2.6" s="11.77" />
        </extensions>
      </trkpt>
      <trkpt lat="52.49276667" lon="-1.78754333">
        <ele>143.6</ele>
        <time>2026-07-22T07:49:25Z</time>
        <extensions>
          <geotracker:meta c="2.61" s="11.55" />
        </extensions>
      </trkpt>
      <trkpt lat="52.49268" lon="-1.78745833">
        <ele>143</ele>
        <time>2026-07-22T07:49:26Z</time>
        <extensions>
          <geotracker:meta c="2.61" s="11.43" />
        </extensions>
      </trkpt>
      <trkpt lat="52.49259167" lon="-1.78737167">
        <ele>143.1</ele>
        <time>2026-07-22T07:49:27Z</time>
        <extensions>
          <geotracker:meta c="2.62" s="11.32" />
        </extensions>
      </trkpt>
      <trkpt lat="52.4925" lon="-1.78729667">
        <ele>143</ele>
        <time>2026-07-22T07:49:28Z</time>
        <extensions>
          <geotracker:meta c="2.66" s="11.3" />
        </extensions>
      </trkpt>
      <trkpt lat="52.49241167" lon="-1.78723">
        <ele>142.1</ele>
        <time>2026-07-22T07:49:29Z</time>
        <extensions>
          <geotracker:meta c="2.72" s="11.32" />
        </extensions>
      </trkpt>
      <trkpt lat="52.49231667" lon="-1.78715667">
        <ele>141.8</ele>
        <time>2026-07-22T07:49:30Z</time>
        <extensions>
          <geotracker:meta c="2.72" s="11.64" />
        </extensions>
      </trkpt>
      <trkpt lat="52.492225" lon="-1.78707333">
        <ele>142.1</ele>
        <time>2026-07-22T07:49:31Z</time>
        <extensions>
          <geotracker:meta c="2.66" s="11.55" />
        </extensions>
      </trkpt>
      <trkpt lat="52.492135" lon="-1.78699167">
        <ele>141.5</ele>
        <time>2026-07-22T07:49:32Z</time>
        <extensions>
          <geotracker:meta c="2.63" s="11.73" />
        </extensions>
      </trkpt>
      <trkpt lat="52.49204167" lon="-1.786915">
        <ele>141.8</ele>
        <time>2026-07-22T07:49:33Z</time>
        <extensions>
          <geotracker:meta c="2.67" s="11.45" />
        </extensions>
      </trkpt>
      <trkpt lat="52.491945" lon="-1.78685">
        <ele>141.7</ele>
        <time>2026-07-22T07:49:34Z</time>
        <extensions>
          <geotracker:meta c="2.76" s="11.58" />
        </extensions>
      </trkpt>
      <trkpt lat="52.49184167" lon="-1.786805">
        <ele>141.9</ele>
        <time>2026-07-22T07:49:35Z</time>
        <extensions>
          <geotracker:meta c="2.86" s="11.76" />
        </extensions>
      </trkpt>
      <trkpt lat="52.49173667" lon="-1.78676833">
        <ele>142.4</ele>
        <time>2026-07-22T07:49:36Z</time>
        <extensions>
          <geotracker:meta c="2.96" s="11.78" />
        </extensions>
      </trkpt>
      <trkpt lat="52.491625" lon="-1.78674833">
        <ele>142.7</ele>
        <time>2026-07-22T07:49:37Z</time>
        <extensions>
          <geotracker:meta c="3.03" s="12.18" />
        </extensions>
      </trkpt>
      <trkpt lat="52.49151833" lon="-1.78672667">
        <ele>142.5</ele>
        <time>2026-07-22T07:49:38Z</time>
        <extensions>
          <geotracker:meta c="3.04" s="12.03" />
        </extensions>
      </trkpt>
      <trkpt lat="52.49141333" lon="-1.78670333">
        <ele>142.4</ele>
        <time>2026-07-22T07:49:39Z</time>
        <extensions>
          <geotracker:meta c="3.04" s="11.72" />
        </extensions>
      </trkpt>
      <trkpt lat="52.49126167" lon="-1.78667333">
        <ele>142.2</ele>
        <time>2026-07-22T07:49:41Z</time>
        <extensions>
          <geotracker:meta c="3.04" s="8.53" />
        </extensions>
      </trkpt>
      <trkpt lat="52.49117" lon="-1.78666333">
        <ele>142.7</ele>
        <time>2026-07-22T07:49:43Z</time>
        <extensions>
          <geotracker:meta c="3.03" s="5.23" />
        </extensions>
      </trkpt>
      <trkpt lat="52.49108" lon="-1.78665">
        <ele>142.8</ele>
        <time>2026-07-22T07:49:45Z</time>
        <extensions>
          <geotracker:meta c="3.06" s="4.94" />
        </extensions>
      </trkpt>
      <trkpt lat="52.490955" lon="-1.78663">
        <ele>143.2</ele>
        <time>2026-07-22T07:49:47Z</time>
        <extensions>
          <geotracker:meta c="3.07" s="7.95" />
        </extensions>
      </trkpt>
      <trkpt lat="52.490785" lon="-1.786615">
        <ele>143.5</ele>
        <time>2026-07-22T07:49:49Z</time>
        <extensions>
          <geotracker:meta c="3.09" s="9.52" />
        </extensions>
      </trkpt>
      <trkpt lat="52.490605" lon="-1.78661167">
        <ele>144</ele>
        <time>2026-07-22T07:49:51Z</time>
        <extensions>
          <geotracker:meta c="3.12" s="10.28" />
        </extensions>
      </trkpt>
      <trkpt lat="52.49050833" lon="-1.78661333">
        <ele>144.9</ele>
        <time>2026-07-22T07:49:52Z</time>
        <extensions>
          <geotracker:meta c="3.14" s="11.35" />
        </extensions>
      </trkpt>
      <trkpt lat="52.49040167" lon="-1.78661333">
        <ele>145.2</ele>
        <time>2026-07-22T07:49:53Z</time>
        <extensions>
          <geotracker:meta c="3.15" s="11.9" />
        </extensions>
      </trkpt>
      <trkpt lat="52.49029333" lon="-1.78662">
        <ele>145.5</ele>
        <time>2026-07-22T07:49:54Z</time>
        <extensions>
          <geotracker:meta c="3.17" s="12.33" />
        </extensions>
      </trkpt>
      <trkpt lat="52.49017833" lon="-1.78663">
        <ele>146.1</ele>
        <time>2026-07-22T07:49:55Z</time>
        <extensions>
          <geotracker:meta c="3.19" s="12.77" />
        </extensions>
      </trkpt>
      <trkpt lat="52.49006167" lon="-1.78664333">
        <ele>146.7</ele>
        <time>2026-07-22T07:49:56Z</time>
        <extensions>
          <geotracker:meta c="3.22" s="13.13" />
        </extensions>
      </trkpt>
      <trkpt lat="52.48994333" lon="-1.78665833">
        <ele>147</ele>
        <time>2026-07-22T07:49:57Z</time>
        <extensions>
          <geotracker:meta c="3.23" s="13.33" />
        </extensions>
      </trkpt>
      <trkpt lat="52.48982667" lon="-1.78667667">
        <ele>147.4</ele>
        <time>2026-07-22T07:49:58Z</time>
        <extensions>
          <geotracker:meta c="3.24" s="12.94" />
        </extensions>
      </trkpt>
      <trkpt lat="52.48971167" lon="-1.78669667">
        <ele>147.5</ele>
        <time>2026-07-22T07:49:59Z</time>
        <extensions>
          <geotracker:meta c="3.26" s="12.76" />
        </extensions>
      </trkpt>
      <trkpt lat="52.4896" lon="-1.786725">
        <ele>147.5</ele>
        <time>2026-07-22T07:50:00Z</time>
        <extensions>
          <geotracker:meta c="3.27" s="12.43" />
        </extensions>
      </trkpt>
      <trkpt lat="52.48949167" lon="-1.78675167">
        <ele>147.4</ele>
        <time>2026-07-22T07:50:01Z</time>
        <extensions>
          <geotracker:meta c="3.3" s="12.22" />
        </extensions>
      </trkpt>
      <trkpt lat="52.48938333" lon="-1.78678">
        <ele>147.4</ele>
        <time>2026-07-22T07:50:02Z</time>
        <extensions>
          <geotracker:meta c="3.31" s="12.18" />
        </extensions>
      </trkpt>
      <trkpt lat="52.48927333" lon="-1.78680833">
        <ele>147.6</ele>
        <time>2026-07-22T07:50:03Z</time>
        <extensions>
          <geotracker:meta c="3.33" s="12.17" />
        </extensions>
      </trkpt>
      <trkpt lat="52.48916667" lon="-1.78684167">
        <ele>148.2</ele>
        <time>2026-07-22T07:50:04Z</time>
        <extensions>
          <geotracker:meta c="3.34" s="12.18" />
        </extensions>
      </trkpt>
      <trkpt lat="52.48906" lon="-1.78688">
        <ele>148.2</ele>
        <time>2026-07-22T07:50:05Z</time>
        <extensions>
          <geotracker:meta c="3.38" s="12.27" />
        </extensions>
      </trkpt>
      <trkpt lat="52.48895" lon="-1.786925">
        <ele>148.2</ele>
        <time>2026-07-22T07:50:06Z</time>
        <extensions>
          <geotracker:meta c="3.41" s="12.47" />
        </extensions>
      </trkpt>
      <trkpt lat="52.48884167" lon="-1.78697833">
        <ele>148.1</ele>
        <time>2026-07-22T07:50:07Z</time>
        <extensions>
          <geotracker:meta c="3.44" s="12.58" />
        </extensions>
      </trkpt>
      <trkpt lat="52.48873667" lon="-1.787035">
        <ele>147.7</ele>
        <time>2026-07-22T07:50:08Z</time>
        <extensions>
          <geotracker:meta c="3.49" s="12.22" />
        </extensions>
      </trkpt>
      <trkpt lat="52.48864" lon="-1.78710333">
        <ele>147.5</ele>
        <time>2026-07-22T07:50:09Z</time>
        <extensions>
          <geotracker:meta c="3.53" s="11.93" />
        </extensions>
      </trkpt>
      <trkpt lat="52.488545" lon="-1.78717333">
        <ele>147</ele>
        <time>2026-07-22T07:50:10Z</time>
        <extensions>
          <geotracker:meta c="3.56" s="11.62" />
        </extensions>
      </trkpt>
      <trkpt lat="52.488455" lon="-1.78723833">
        <ele>147.1</ele>
        <time>2026-07-22T07:50:11Z</time>
        <extensions>
          <geotracker:meta c="3.56" s="11.14" />
        </extensions>
      </trkpt>
      <trkpt lat="52.488365" lon="-1.78730333">
        <ele>146.9</ele>
        <time>2026-07-22T07:50:12Z</time>
        <extensions>
          <geotracker:meta c="3.56" s="11.1" />
        </extensions>
      </trkpt>
      <trkpt lat="52.48827" lon="-1.78736333">
        <ele>145.3</ele>
        <time>2026-07-22T07:50:13Z</time>
        <extensions>
          <geotracker:meta c="3.56" s="10.75" />
        </extensions>
      </trkpt>
      <trkpt lat="52.48811667" lon="-1.78747833">
        <ele>145</ele>
        <time>2026-07-22T07:50:15Z</time>
        <extensions>
          <geotracker:meta c="3.57" s="9.26" />
        </extensions>
      </trkpt>
      <trkpt lat="52.488" lon="-1.78756833">
        <ele>144.9</ele>
        <time>2026-07-22T07:50:17Z</time>
        <extensions>
          <geotracker:meta c="3.61" s="6.22" />
        </extensions>
      </trkpt>
      <trkpt lat="52.48790667" lon="-1.78759833">
        <ele>145.1</ele>
        <time>2026-07-22T07:50:19Z</time>
        <extensions>
          <geotracker:meta c="3.36" s="5.14" />
        </extensions>
      </trkpt>
      <trkpt lat="52.48781167" lon="-1.787595">
        <ele>145.1</ele>
        <time>2026-07-22T07:50:21Z</time>
        <extensions>
          <geotracker:meta c="3.09" s="5.52" />
        </extensions>
      </trkpt>
      <trkpt lat="52.48769167" lon="-1.78761">
        <ele>144</ele>
        <time>2026-07-22T07:50:23Z</time>
        <extensions>
          <geotracker:meta c="3.18" s="7.03" />
        </extensions>
      </trkpt>
      <trkpt lat="52.48753333" lon="-1.787625">
        <ele>142.3</ele>
        <time>2026-07-22T07:50:25Z</time>
        <extensions>
          <geotracker:meta c="3.19" s="8.88" />
        </extensions>
      </trkpt>
      <trkpt lat="52.48744333" lon="-1.78762167">
        <ele>142.2</ele>
        <time>2026-07-22T07:50:26Z</time>
        <extensions>
          <geotracker:meta c="3.13" s="9.72" />
        </extensions>
      </trkpt>
      <trkpt lat="52.48735333" lon="-1.78761667">
        <ele>141.6</ele>
        <time>2026-07-22T07:50:27Z</time>
        <extensions>
          <geotracker:meta c="3.1" s="10.32" />
        </extensions>
      </trkpt>
      <trkpt lat="52.48725667" lon="-1.787605">
        <ele>141</ele>
        <time>2026-07-22T07:50:28Z</time>
        <extensions>
          <geotracker:meta c="3.08" s="10.92" />
        </extensions>
      </trkpt>
      <trkpt lat="52.48716167" lon="-1.78759167">
        <ele>140.7</ele>
        <time>2026-07-22T07:50:29Z</time>
        <extensions>
          <geotracker:meta c="3.07" s="10.94" />
        </extensions>
      </trkpt>
      <trkpt lat="52.487065" lon="-1.78757833">
        <ele>140.5</ele>
        <time>2026-07-22T07:50:30Z</time>
        <extensions>
          <geotracker:meta c="3.06" s="10.79" />
        </extensions>
      </trkpt>
      <trkpt lat="52.48690333" lon="-1.78755333">
        <ele>139.8</ele>
        <time>2026-07-22T07:50:32Z</time>
        <extensions>
          <geotracker:meta c="3.05" s="8.74" />
        </extensions>
      </trkpt>
      <trkpt lat="52.48673833" lon="-1.78753667">
        <ele>139</ele>
        <time>2026-07-22T07:50:34Z</time>
        <extensions>
          <geotracker:meta c="3.07" s="9.22" />
        </extensions>
      </trkpt>
      <trkpt lat="52.48656167" lon="-1.78751333">
        <ele>138.9</ele>
        <time>2026-07-22T07:50:36Z</time>
        <extensions>
          <geotracker:meta c="3.07" s="9.94" />
        </extensions>
      </trkpt>
      <trkpt lat="52.48638333" lon="-1.7875">
        <ele>138.9</ele>
        <time>2026-07-22T07:50:38Z</time>
        <extensions>
          <geotracker:meta c="3.07" s="9.93" />
        </extensions>
      </trkpt>
      <trkpt lat="52.48629167" lon="-1.78749167">
        <ele>139</ele>
        <time>2026-07-22T07:50:39Z</time>
        <extensions>
          <geotracker:meta c="3.07" s="9.51" />
        </extensions>
      </trkpt>
      <trkpt lat="52.486135" lon="-1.78746833">
        <ele>139.6</ele>
        <time>2026-07-22T07:50:41Z</time>
        <extensions>
          <geotracker:meta c="3.05" s="8.28" />
        </extensions>
      </trkpt>
      <trkpt lat="52.48602167" lon="-1.78745333">
        <ele>139.6</ele>
        <time>2026-07-22T07:50:43Z</time>
        <extensions>
          <geotracker:meta c="3.06" s="5.18" />
        </extensions>
      </trkpt>
      <trkpt lat="52.48592167" lon="-1.78744833">
        <ele>139.3</ele>
        <time>2026-07-22T07:50:50Z</time>
        <extensions>
          <geotracker:meta c="3.07" s="2.49" />
        </extensions>
      </trkpt>
      <trkpt lat="52.48582333" lon="-1.78734667">
        <ele>141.3</ele>
        <time>2026-07-22T07:50:55Z</time>
        <extensions>
          <geotracker:meta c="2.37" s="4.49" />
        </extensions>
      </trkpt>
      <trkpt lat="52.48577333" lon="-1.78720333">
        <ele>141.7</ele>
        <time>2026-07-22T07:50:57Z</time>
        <extensions>
          <geotracker:meta c="2.05" s="5.72" />
        </extensions>
      </trkpt>
      <trkpt lat="52.48568333" lon="-1.78708667">
        <ele>141.7</ele>
        <time>2026-07-22T07:50:59Z</time>
        <extensions>
          <geotracker:meta c="2.42" s="6.68" />
        </extensions>
      </trkpt>
      <trkpt lat="52.485575" lon="-1.78703667">
        <ele>142</ele>
        <time>2026-07-22T07:51:01Z</time>
        <extensions>
          <geotracker:meta c="2.89" s="5.92" />
        </extensions>
      </trkpt>
      <trkpt lat="52.48547333" lon="-1.78700833">
        <ele>141.9</ele>
        <time>2026-07-22T07:51:03Z</time>
        <extensions>
          <geotracker:meta c="3.01" s="5.59" />
        </extensions>
      </trkpt>
      <trkpt lat="52.48538833" lon="-1.78691333">
        <ele>142</ele>
        <time>2026-07-22T07:51:05Z</time>
        <extensions>
          <geotracker:meta c="2.5" s="5.79" />
        </extensions>
      </trkpt>
      <trkpt lat="52.48532" lon="-1.78675333">
        <ele>141.9</ele>
        <time>2026-07-22T07:51:07Z</time>
        <extensions>
          <geotracker:meta c="2.1" s="7.37" />
        </extensions>
      </trkpt>
      <trkpt lat="52.485235" lon="-1.78652333">
        <ele>142</ele>
        <time>2026-07-22T07:51:09Z</time>
        <extensions>
          <geotracker:meta c="2.1" s="10.31" />
        </extensions>
      </trkpt>
      <trkpt lat="52.48519167" lon="-1.78639333">
        <ele>142.6</ele>
        <time>2026-07-22T07:51:10Z</time>
        <extensions>
          <geotracker:meta c="2.1" s="10.13" />
        </extensions>
      </trkpt>
      <trkpt lat="52.48513833" lon="-1.78626667">
        <ele>143</ele>
        <time>2026-07-22T07:51:11Z</time>
        <extensions>
          <geotracker:meta c="2.1" s="10.41" />
        </extensions>
      </trkpt>
      <trkpt lat="52.485085" lon="-1.786125">
        <ele>143.5</ele>
        <time>2026-07-22T07:51:12Z</time>
        <extensions>
          <geotracker:meta c="2.09" s="11.04" />
        </extensions>
      </trkpt>
      <trkpt lat="52.48502833" lon="-1.78597667">
        <ele>143.9</ele>
        <time>2026-07-22T07:51:13Z</time>
        <extensions>
          <geotracker:meta c="2.1" s="11.83" />
        </extensions>
      </trkpt>
      <trkpt lat="52.48497333" lon="-1.78582833">
        <ele>144.3</ele>
        <time>2026-07-22T07:51:14Z</time>
        <extensions>
          <geotracker:meta c="2.1" s="11.96" />
        </extensions>
      </trkpt>
      <trkpt lat="52.48491167" lon="-1.78568167">
        <ele>144.9</ele>
        <time>2026-07-22T07:51:15Z</time>
        <extensions>
          <geotracker:meta c="2.11" s="12.3" />
        </extensions>
      </trkpt>
      <trkpt lat="52.484855" lon="-1.78552167">
        <ele>145.2</ele>
        <time>2026-07-22T07:51:16Z</time>
        <extensions>
          <geotracker:meta c="2.11" s="12.63" />
        </extensions>
      </trkpt>
      <trkpt lat="52.484795" lon="-1.78536">
        <ele>145.6</ele>
        <time>2026-07-22T07:51:17Z</time>
        <extensions>
          <geotracker:meta c="2.11" s="12.66" />
        </extensions>
      </trkpt>
      <trkpt lat="52.484735" lon="-1.78520167">
        <ele>145.6</ele>
        <time>2026-07-22T07:51:18Z</time>
        <extensions>
          <geotracker:meta c="2.1" s="12.43" />
        </extensions>
      </trkpt>
      <trkpt lat="52.484675" lon="-1.78504333">
        <ele>145.8</ele>
        <time>2026-07-22T07:51:19Z</time>
        <extensions>
          <geotracker:meta c="2.1" s="12.34" />
        </extensions>
      </trkpt>
      <trkpt lat="52.484615" lon="-1.784885">
        <ele>145.7</ele>
        <time>2026-07-22T07:51:20Z</time>
        <extensions>
          <geotracker:meta c="2.11" s="12.49" />
        </extensions>
      </trkpt>
      <trkpt lat="52.48455333" lon="-1.78472167">
        <ele>145.4</ele>
        <time>2026-07-22T07:51:21Z</time>
        <extensions>
          <geotracker:meta c="2.11" s="12.64" />
        </extensions>
      </trkpt>
      <trkpt lat="52.48449167" lon="-1.78455667">
        <ele>144.7</ele>
        <time>2026-07-22T07:51:22Z</time>
        <extensions>
          <geotracker:meta c="2.11" s="12.95" />
        </extensions>
      </trkpt>
      <trkpt lat="52.48443" lon="-1.78439333">
        <ele>144.4</ele>
        <time>2026-07-22T07:51:23Z</time>
        <extensions>
          <geotracker:meta c="2.11" s="12.96" />
        </extensions>
      </trkpt>
      <trkpt lat="52.484365" lon="-1.78423167">
        <ele>144</ele>
        <time>2026-07-22T07:51:24Z</time>
        <extensions>
          <geotracker:meta c="2.11" s="12.87" />
        </extensions>
      </trkpt>
      <trkpt lat="52.48430167" lon="-1.78406833">
        <ele>144.2</ele>
        <time>2026-07-22T07:51:25Z</time>
        <extensions>
          <geotracker:meta c="2.11" s="13.26" />
        </extensions>
      </trkpt>
      <trkpt lat="52.48424167" lon="-1.78390333">
        <ele>144.6</ele>
        <time>2026-07-22T07:51:26Z</time>
        <extensions>
          <geotracker:meta c="2.1" s="13.04" />
        </extensions>
      </trkpt>
      <trkpt lat="52.48418167" lon="-1.78373667">
        <ele>144.2</ele>
        <time>2026-07-22T07:51:27Z</time>
        <extensions>
          <geotracker:meta c="2.11" s="13.08" />
        </extensions>
      </trkpt>
      <trkpt lat="52.48412" lon="-1.78356667">
        <ele>144.1</ele>
        <time>2026-07-22T07:51:28Z</time>
        <extensions>
          <geotracker:meta c="2.11" s="13.26" />
        </extensions>
      </trkpt>
      <trkpt lat="52.48406" lon="-1.78339833">
        <ele>144.3</ele>
        <time>2026-07-22T07:51:29Z</time>
        <extensions>
          <geotracker:meta c="2.11" s="13.28" />
        </extensions>
      </trkpt>
      <trkpt lat="52.48399667" lon="-1.78322667">
        <ele>144.4</ele>
        <time>2026-07-22T07:51:30Z</time>
        <extensions>
          <geotracker:meta c="2.11" s="13.39" />
        </extensions>
      </trkpt>
      <trkpt lat="52.483935" lon="-1.78306">
        <ele>144.6</ele>
        <time>2026-07-22T07:51:31Z</time>
        <extensions>
          <geotracker:meta c="2.12" s="13.35" />
        </extensions>
      </trkpt>
      <trkpt lat="52.48387" lon="-1.78289333">
        <ele>144.9</ele>
        <time>2026-07-22T07:51:32Z</time>
        <extensions>
          <geotracker:meta c="2.12" s="13.7" />
        </extensions>
      </trkpt>
      <trkpt lat="52.48380833" lon="-1.78272667">
        <ele>145.3</ele>
        <time>2026-07-22T07:51:33Z</time>
        <extensions>
          <geotracker:meta c="2.11" s="13.24" />
        </extensions>
      </trkpt>
      <trkpt lat="52.48374833" lon="-1.78256333">
        <ele>145.6</ele>
        <time>2026-07-22T07:51:34Z</time>
        <extensions>
          <geotracker:meta c="2.11" s="13.11" />
        </extensions>
      </trkpt>
      <trkpt lat="52.48368833" lon="-1.78239833">
        <ele>146</ele>
        <time>2026-07-22T07:51:35Z</time>
        <extensions>
          <geotracker:meta c="2.1" s="13.12" />
        </extensions>
      </trkpt>
      <trkpt lat="52.48363" lon="-1.78223833">
        <ele>146.4</ele>
        <time>2026-07-22T07:51:36Z</time>
        <extensions>
          <geotracker:meta c="2.1" s="12.98" />
        </extensions>
      </trkpt>
      <trkpt lat="52.48357167" lon="-1.78207833">
        <ele>146.9</ele>
        <time>2026-07-22T07:51:37Z</time>
        <extensions>
          <geotracker:meta c="2.13" s="12.88" />
        </extensions>
      </trkpt>
      <trkpt lat="52.48351333" lon="-1.78191833">
        <ele>147.3</ele>
        <time>2026-07-22T07:51:38Z</time>
        <extensions>
          <geotracker:meta c="2.13" s="12.84" />
        </extensions>
      </trkpt>
      <trkpt lat="52.48345333" lon="-1.78176667">
        <ele>147.7</ele>
        <time>2026-07-22T07:51:39Z</time>
        <extensions>
          <geotracker:meta c="2.12" s="12.15" />
        </extensions>
      </trkpt>
      <trkpt lat="52.48340167" lon="-1.78162667">
        <ele>148.3</ele>
        <time>2026-07-22T07:51:40Z</time>
        <extensions>
          <geotracker:meta c="2.11" s="11.1" />
        </extensions>
      </trkpt>
      <trkpt lat="52.483355" lon="-1.7815">
        <ele>148.6</ele>
        <time>2026-07-22T07:51:41Z</time>
        <extensions>
          <geotracker:meta c="2.11" s="10.03" />
        </extensions>
      </trkpt>
      <trkpt lat="52.48327333" lon="-1.781295">
        <ele>148.9</ele>
        <time>2026-07-22T07:51:43Z</time>
        <extensions>
          <geotracker:meta c="2.12" s="7.36" />
        </extensions>
      </trkpt>
      <trkpt lat="52.483205" lon="-1.78114167">
        <ele>148.8</ele>
        <time>2026-07-22T07:51:45Z</time>
        <extensions>
          <geotracker:meta c="2.26" s="5.83" />
        </extensions>
      </trkpt>
      <trkpt lat="52.48314667" lon="-1.780985">
        <ele>149.4</ele>
        <time>2026-07-22T07:51:47Z</time>
        <extensions>
          <geotracker:meta c="2.17" s="6.61" />
        </extensions>
      </trkpt>
      <trkpt lat="52.48308" lon="-1.780805">
        <ele>149.7</ele>
        <time>2026-07-22T07:51:49Z</time>
        <extensions>
          <geotracker:meta c="2.12" s="7.37" />
        </extensions>
      </trkpt>
      <trkpt lat="52.48301" lon="-1.78060833">
        <ele>150.4</ele>
        <time>2026-07-22T07:51:51Z</time>
        <extensions>
          <geotracker:meta c="2.11" s="7.89" />
        </extensions>
      </trkpt>
      <trkpt lat="52.48292833" lon="-1.78039167">
        <ele>151.4</ele>
        <time>2026-07-22T07:51:53Z</time>
        <extensions>
          <geotracker:meta c="2.11" s="8.73" />
        </extensions>
      </trkpt>
      <trkpt lat="52.48285167" lon="-1.78017167">
        <ele>151.8</ele>
        <time>2026-07-22T07:51:55Z</time>
        <extensions>
          <geotracker:meta c="2.09" s="8.38" />
        </extensions>
      </trkpt>
      <trkpt lat="52.482785" lon="-1.77999333">
        <ele>151.4</ele>
        <time>2026-07-22T07:51:57Z</time>
        <extensions>
          <geotracker:meta c="2.13" s="6.78" />
        </extensions>
      </trkpt>
      <trkpt lat="52.482735" lon="-1.779865">
        <ele>151</ele>
        <time>2026-07-22T07:51:59Z</time>
        <extensions>
          <geotracker:meta c="2.12" s="4.54" />
        </extensions>
      </trkpt>
      <trkpt lat="52.482685" lon="-1.77973667">
        <ele>150.4</ele>
        <time>2026-07-22T07:52:02Z</time>
        <extensions>
          <geotracker:meta c="2.11" s="2.08" />
        </extensions>
      </trkpt>
      <trkpt lat="52.48263833" lon="-1.779585">
        <ele>151.2</ele>
        <time>2026-07-22T07:52:08Z</time>
        <extensions>
          <geotracker:meta c="2.06" s="2.56" />
        </extensions>
      </trkpt>
      <trkpt lat="52.48261" lon="-1.77944167">
        <ele>152.2</ele>
        <time>2026-07-22T07:52:13Z</time>
        <extensions>
          <geotracker:meta c="1.79" s="2.04" />
        </extensions>
      </trkpt>
      <trkpt lat="52.48259167" lon="-1.77924333">
        <ele>152.1</ele>
        <time>2026-07-22T07:52:18Z</time>
        <extensions>
          <geotracker:meta c="1.71" s="4.41" />
        </extensions>
      </trkpt>
      <trkpt lat="52.48252333" lon="-1.77907167">
        <ele>152.7</ele>
        <time>2026-07-22T07:52:21Z</time>
        <extensions>
          <geotracker:meta c="2.34" s="4.83" />
        </extensions>
      </trkpt>
      <trkpt lat="52.48245" lon="-1.77897333">
        <ele>152.4</ele>
        <time>2026-07-22T07:52:23Z</time>
        <extensions>
          <geotracker:meta c="2.55" s="5.72" />
        </extensions>
      </trkpt>
      <trkpt lat="52.48239333" lon="-1.77883">
        <ele>152.4</ele>
        <time>2026-07-22T07:52:25Z</time>
        <extensions>
          <geotracker:meta c="2.16" s="6.29" />
        </extensions>
      </trkpt>
      <trkpt lat="52.482315" lon="-1.77864667">
        <ele>151.5</ele>
        <time>2026-07-22T07:52:27Z</time>
        <extensions>
          <geotracker:meta c="2.12" s="8.56" />
        </extensions>
      </trkpt>
      <trkpt lat="52.48223667" lon="-1.77843833">
        <ele>150.7</ele>
        <time>2026-07-22T07:52:29Z</time>
        <extensions>
          <geotracker:meta c="2.11" s="8.71" />
        </extensions>
      </trkpt>
      <trkpt lat="52.48214333" lon="-1.77819333">
        <ele>150</ele>
        <time>2026-07-22T07:52:31Z</time>
        <extensions>
          <geotracker:meta c="2.12" s="10.57" />
        </extensions>
      </trkpt>
      <trkpt lat="52.48209333" lon="-1.77805333">
        <ele>149.8</ele>
        <time>2026-07-22T07:52:32Z</time>
        <extensions>
          <geotracker:meta c="2.12" s="11.11" />
        </extensions>
      </trkpt>
      <trkpt lat="52.48203833" lon="-1.77790667">
        <ele>149.6</ele>
        <time>2026-07-22T07:52:33Z</time>
        <extensions>
          <geotracker:meta c="2.12" s="11.75" />
        </extensions>
      </trkpt>
      <trkpt lat="52.48198333" lon="-1.777755">
        <ele>149.6</ele>
        <time>2026-07-22T07:52:34Z</time>
        <extensions>
          <geotracker:meta c="2.12" s="12.19" />
        </extensions>
      </trkpt>
      <trkpt lat="52.48192667" lon="-1.7776">
        <ele>149.6</ele>
        <time>2026-07-22T07:52:35Z</time>
        <extensions>
          <geotracker:meta c="2.12" s="12.31" />
        </extensions>
      </trkpt>
      <trkpt lat="52.48187" lon="-1.777445">
        <ele>149.7</ele>
        <time>2026-07-22T07:52:36Z</time>
        <extensions>
          <geotracker:meta c="2.12" s="12.33" />
        </extensions>
      </trkpt>
      <trkpt lat="52.48181" lon="-1.77728667">
        <ele>149.7</ele>
        <time>2026-07-22T07:52:37Z</time>
        <extensions>
          <geotracker:meta c="2.12" s="12.69" />
        </extensions>
      </trkpt>
      <trkpt lat="52.48175167" lon="-1.77713167">
        <ele>149.3</ele>
        <time>2026-07-22T07:52:38Z</time>
        <extensions>
          <geotracker:meta c="2.11" s="12.19" />
        </extensions>
      </trkpt>
      <trkpt lat="52.481695" lon="-1.77698">
        <ele>149.1</ele>
        <time>2026-07-22T07:52:39Z</time>
        <extensions>
          <geotracker:meta c="2.11" s="12.27" />
        </extensions>
      </trkpt>
      <trkpt lat="52.48163667" lon="-1.77682333">
        <ele>149</ele>
        <time>2026-07-22T07:52:40Z</time>
        <extensions>
          <geotracker:meta c="2.11" s="12.77" />
        </extensions>
      </trkpt>
      <trkpt lat="52.48158" lon="-1.77666">
        <ele>148.6</ele>
        <time>2026-07-22T07:52:41Z</time>
        <extensions>
          <geotracker:meta c="2.11" s="12.78" />
        </extensions>
      </trkpt>
      <trkpt lat="52.481525" lon="-1.776505">
        <ele>148.2</ele>
        <time>2026-07-22T07:52:42Z</time>
        <extensions>
          <geotracker:meta c="2.12" s="12.45" />
        </extensions>
      </trkpt>
      <trkpt lat="52.48146667" lon="-1.77635333">
        <ele>147.8</ele>
        <time>2026-07-22T07:52:43Z</time>
        <extensions>
          <geotracker:meta c="2.12" s="12.44" />
        </extensions>
      </trkpt>
      <trkpt lat="52.48141" lon="-1.77620167">
        <ele>147.8</ele>
        <time>2026-07-22T07:52:44Z</time>
        <extensions>
          <geotracker:meta c="2.13" s="12.28" />
        </extensions>
      </trkpt>
      <trkpt lat="52.48135333" lon="-1.77605">
        <ele>147.8</ele>
        <time>2026-07-22T07:52:45Z</time>
        <extensions>
          <geotracker:meta c="2.12" s="12.28" />
        </extensions>
      </trkpt>
      <trkpt lat="52.48129667" lon="-1.7759">
        <ele>147.6</ele>
        <time>2026-07-22T07:52:46Z</time>
        <extensions>
          <geotracker:meta c="2.11" s="12.16" />
        </extensions>
      </trkpt>
      <trkpt lat="52.48124" lon="-1.77575">
        <ele>146.9</ele>
        <time>2026-07-22T07:52:47Z</time>
        <extensions>
          <geotracker:meta c="2.12" s="11.93" />
        </extensions>
      </trkpt>
      <trkpt lat="52.481185" lon="-1.7756">
        <ele>146.6</ele>
        <time>2026-07-22T07:52:48Z</time>
        <extensions>
          <geotracker:meta c="2.11" s="11.95" />
        </extensions>
      </trkpt>
      <trkpt lat="52.48113" lon="-1.77545167">
        <ele>146</ele>
        <time>2026-07-22T07:52:49Z</time>
        <extensions>
          <geotracker:meta c="2.11" s="11.54" />
        </extensions>
      </trkpt>
      <trkpt lat="52.48107667" lon="-1.77531167">
        <ele>146</ele>
        <time>2026-07-22T07:52:50Z</time>
        <extensions>
          <geotracker:meta c="2.12" s="10.96" />
        </extensions>
      </trkpt>
      <trkpt lat="52.48103" lon="-1.775185">
        <ele>145.6</ele>
        <time>2026-07-22T07:52:51Z</time>
        <extensions>
          <geotracker:meta c="2.12" s="10.03" />
        </extensions>
      </trkpt>
      <trkpt lat="52.48094167" lon="-1.77495">
        <ele>145.3</ele>
        <time>2026-07-22T07:52:53Z</time>
        <extensions>
          <geotracker:meta c="2.12" s="8.85" />
        </extensions>
      </trkpt>
      <trkpt lat="52.48087167" lon="-1.77475167">
        <ele>144.9</ele>
        <time>2026-07-22T07:52:55Z</time>
        <extensions>
          <geotracker:meta c="2.13" s="7.48" />
        </extensions>
      </trkpt>
      <trkpt lat="52.480805" lon="-1.77459">
        <ele>144.9</ele>
        <time>2026-07-22T07:52:57Z</time>
        <extensions>
          <geotracker:meta c="2.19" s="6.38" />
        </extensions>
      </trkpt>
      <trkpt lat="52.480745" lon="-1.77444">
        <ele>144.8</ele>
        <time>2026-07-22T07:52:59Z</time>
        <extensions>
          <geotracker:meta c="2.17" s="6.01" />
        </extensions>
      </trkpt>
      <trkpt lat="52.48068" lon="-1.77428167">
        <ele>144.7</ele>
        <time>2026-07-22T07:53:02Z</time>
        <extensions>
          <geotracker:meta c="2.12" s="3.61" />
        </extensions>
      </trkpt>
      <trkpt lat="52.48063167" lon="-1.77413667">
        <ele>144.1</ele>
        <time>2026-07-22T07:53:15Z</time>
        <extensions>
          <geotracker:meta c="2.12" s="0" />
        </extensions>
      </trkpt>
      <trkpt lat="52.48056833" lon="-1.77397833">
        <ele>142.8</ele>
        <time>2026-07-22T07:53:19Z</time>
        <extensions>
          <geotracker:meta c="2.11" s="2.73" />
        </extensions>
      </trkpt>
      <trkpt lat="52.48051" lon="-1.77377833">
        <ele>142</ele>
        <time>2026-07-22T07:54:23Z</time>
        <extensions>
          <geotracker:meta c="2.11" s="0" />
        </extensions>
      </trkpt>
      <trkpt lat="52.48045667" lon="-1.77364">
        <ele>142.1</ele>
        <time>2026-07-22T07:54:27Z</time>
        <extensions>
          <geotracker:meta c="2.17" s="1.75" />
        </extensions>
      </trkpt>
      <trkpt lat="52.480345" lon="-1.77364667">
        <ele>142.1</ele>
        <time>2026-07-22T07:54:49Z</time>
        <extensions>
          <geotracker:meta c="3.6" s="3.63" />
        </extensions>
      </trkpt>
      <trkpt lat="52.48027667" lon="-1.77382167">
        <ele>142.4</ele>
        <time>2026-07-22T07:54:52Z</time>
        <extensions>
          <geotracker:meta c="4.29" s="5.27" />
        </extensions>
      </trkpt>
      <trkpt lat="52.48022667" lon="-1.774">
        <ele>143</ele>
        <time>2026-07-22T07:54:54Z</time>
        <extensions>
          <geotracker:meta c="4.35" s="7.75" />
        </extensions>
      </trkpt>
      <trkpt lat="52.480165" lon="-1.774255">
        <ele>143.6</ele>
        <time>2026-07-22T07:54:56Z</time>
        <extensions>
          <geotracker:meta c="4.38" s="9.8" />
        </extensions>
      </trkpt>
      <trkpt lat="52.48013167" lon="-1.77439667">
        <ele>144</ele>
        <time>2026-07-22T07:54:57Z</time>
        <extensions>
          <geotracker:meta c="4.39" s="10.2" />
        </extensions>
      </trkpt>
      <trkpt lat="52.48007333" lon="-1.77467">
        <ele>144.4</ele>
        <time>2026-07-22T07:54:59Z</time>
        <extensions>
          <geotracker:meta c="4.41" s="10.5" />
        </extensions>
      </trkpt>
      <trkpt lat="52.48004333" lon="-1.77481833">
        <ele>144.9</ele>
        <time>2026-07-22T07:55:00Z</time>
        <extensions>
          <geotracker:meta c="4.42" s="10.98" />
        </extensions>
      </trkpt>
      <trkpt lat="52.480015" lon="-1.77497667">
        <ele>145.5</ele>
        <time>2026-07-22T07:55:01Z</time>
        <extensions>
          <geotracker:meta c="4.45" s="11.47" />
        </extensions>
      </trkpt>
      <trkpt lat="52.47999333" lon="-1.77514">
        <ele>146.6</ele>
        <time>2026-07-22T07:55:02Z</time>
        <extensions>
          <geotracker:meta c="4.5" s="11.61" />
        </extensions>
      </trkpt>
      <trkpt lat="52.479975" lon="-1.77530667">
        <ele>147.3</ele>
        <time>2026-07-22T07:55:03Z</time>
        <extensions>
          <geotracker:meta c="4.54" s="11.77" />
        </extensions>
      </trkpt>
      <trkpt lat="52.47996167" lon="-1.775475">
        <ele>147.5</ele>
        <time>2026-07-22T07:55:04Z</time>
        <extensions>
          <geotracker:meta c="4.6" s="11.69" />
        </extensions>
      </trkpt>
      <trkpt lat="52.47995333" lon="-1.775645">
        <ele>147.8</ele>
        <time>2026-07-22T07:55:05Z</time>
        <extensions>
          <geotracker:meta c="4.65" s="11.9" />
        </extensions>
      </trkpt>
      <trkpt lat="52.47994833" lon="-1.77582">
        <ele>147.8</ele>
        <time>2026-07-22T07:55:06Z</time>
        <extensions>
          <geotracker:meta c="4.68" s="11.98" />
        </extensions>
      </trkpt>
      <trkpt lat="52.47994167" lon="-1.77599333">
        <ele>147.8</ele>
        <time>2026-07-22T07:55:07Z</time>
        <extensions>
          <geotracker:meta c="4.69" s="11.87" />
        </extensions>
      </trkpt>
      <trkpt lat="52.47993667" lon="-1.77617167">
        <ele>148.2</ele>
        <time>2026-07-22T07:55:08Z</time>
        <extensions>
          <geotracker:meta c="4.69" s="12.45" />
        </extensions>
      </trkpt>
      <trkpt lat="52.47993" lon="-1.77634167">
        <ele>148.6</ele>
        <time>2026-07-22T07:55:09Z</time>
        <extensions>
          <geotracker:meta c="4.69" s="11.82" />
        </extensions>
      </trkpt>
      <trkpt lat="52.47992667" lon="-1.77651167">
        <ele>148.8</ele>
        <time>2026-07-22T07:55:10Z</time>
        <extensions>
          <geotracker:meta c="4.68" s="11.83" />
        </extensions>
      </trkpt>
      <trkpt lat="52.47992167" lon="-1.776685">
        <ele>149.5</ele>
        <time>2026-07-22T07:55:11Z</time>
        <extensions>
          <geotracker:meta c="4.69" s="11.94" />
        </extensions>
      </trkpt>
      <trkpt lat="52.47991667" lon="-1.77686167">
        <ele>150.1</ele>
        <time>2026-07-22T07:55:12Z</time>
        <extensions>
          <geotracker:meta c="4.69" s="12.28" />
        </extensions>
      </trkpt>
      <trkpt lat="52.47991167" lon="-1.77704333">
        <ele>150.7</ele>
        <time>2026-07-22T07:55:13Z</time>
        <extensions>
          <geotracker:meta c="4.68" s="12.44" />
        </extensions>
      </trkpt>
      <trkpt lat="52.479905" lon="-1.77722667">
        <ele>151.4</ele>
        <time>2026-07-22T07:55:14Z</time>
        <extensions>
          <geotracker:meta c="4.68" s="12.54" />
        </extensions>
      </trkpt>
      <trkpt lat="52.47989667" lon="-1.77740833">
        <ele>151.6</ele>
        <time>2026-07-22T07:55:15Z</time>
        <extensions>
          <geotracker:meta c="4.67" s="12.55" />
        </extensions>
      </trkpt>
      <trkpt lat="52.47988667" lon="-1.77759167">
        <ele>152.1</ele>
        <time>2026-07-22T07:55:16Z</time>
        <extensions>
          <geotracker:meta c="4.67" s="12.71" />
        </extensions>
      </trkpt>
      <trkpt lat="52.479875" lon="-1.77777667">
        <ele>152.5</ele>
        <time>2026-07-22T07:55:17Z</time>
        <extensions>
          <geotracker:meta c="4.64" s="12.71" />
        </extensions>
      </trkpt>
      <trkpt lat="52.47986" lon="-1.77796667">
        <ele>152.7</ele>
        <time>2026-07-22T07:55:18Z</time>
        <extensions>
          <geotracker:meta c="4.6" s="13.1" />
        </extensions>
      </trkpt>
      <trkpt lat="52.47984167" lon="-1.77815667">
        <ele>153</ele>
        <time>2026-07-22T07:55:19Z</time>
        <extensions>
          <geotracker:meta c="4.56" s="13.07" />
        </extensions>
      </trkpt>
      <trkpt lat="52.47981833" lon="-1.778345">
        <ele>153</ele>
        <time>2026-07-22T07:55:20Z</time>
        <extensions>
          <geotracker:meta c="4.52" s="13.36" />
        </extensions>
      </trkpt>
      <trkpt lat="52.47979" lon="-1.77853">
        <ele>153.1</ele>
        <time>2026-07-22T07:55:21Z</time>
        <extensions>
          <geotracker:meta c="4.48" s="12.94" />
        </extensions>
      </trkpt>
      <trkpt lat="52.479755" lon="-1.77871833">
        <ele>153.6</ele>
        <time>2026-07-22T07:55:22Z</time>
        <extensions>
          <geotracker:meta c="4.45" s="13.46" />
        </extensions>
      </trkpt>
      <trkpt lat="52.47971667" lon="-1.77891">
        <ele>154.4</ele>
        <time>2026-07-22T07:55:23Z</time>
        <extensions>
          <geotracker:meta c="4.43" s="13.46" />
        </extensions>
      </trkpt>
      <trkpt lat="52.47967833" lon="-1.779095">
        <ele>154.3</ele>
        <time>2026-07-22T07:55:24Z</time>
        <extensions>
          <geotracker:meta c="4.4" s="13.36" />
        </extensions>
      </trkpt>
      <trkpt lat="52.47963667" lon="-1.77927667">
        <ele>154.8</ele>
        <time>2026-07-22T07:55:25Z</time>
        <extensions>
          <geotracker:meta c="4.37" s="12.96" />
        </extensions>
      </trkpt>
      <trkpt lat="52.47959" lon="-1.77944667">
        <ele>155.3</ele>
        <time>2026-07-22T07:55:26Z</time>
        <extensions>
          <geotracker:meta c="4.33" s="12.77" />
        </extensions>
      </trkpt>
      <trkpt lat="52.47954667" lon="-1.77961333">
        <ele>155.6</ele>
        <time>2026-07-22T07:55:27Z</time>
        <extensions>
          <geotracker:meta c="4.3" s="12.21" />
        </extensions>
      </trkpt>
      <trkpt lat="52.4795" lon="-1.77976333">
        <ele>156</ele>
        <time>2026-07-22T07:55:28Z</time>
        <extensions>
          <geotracker:meta c="4.27" s="11.57" />
        </extensions>
      </trkpt>
      <trkpt lat="52.479455" lon="-1.7799">
        <ele>156.1</ele>
        <time>2026-07-22T07:55:29Z</time>
        <extensions>
          <geotracker:meta c="4.24" s="10.91" />
        </extensions>
      </trkpt>
      <trkpt lat="52.47941167" lon="-1.78003">
        <ele>156.3</ele>
        <time>2026-07-22T07:55:30Z</time>
        <extensions>
          <geotracker:meta c="4.21" s="10.15" />
        </extensions>
      </trkpt>
      <trkpt lat="52.47933" lon="-1.78025167">
        <ele>156.1</ele>
        <time>2026-07-22T07:55:32Z</time>
        <extensions>
          <geotracker:meta c="4.15" s="8.46" />
        </extensions>
      </trkpt>
      <trkpt lat="52.47925667" lon="-1.78045333">
        <ele>155.5</ele>
        <time>2026-07-22T07:55:34Z</time>
        <extensions>
          <geotracker:meta c="4.12" s="7.67" />
        </extensions>
      </trkpt>
      <trkpt lat="52.47918167" lon="-1.78063333">
        <ele>154.7</ele>
        <time>2026-07-22T07:55:36Z</time>
        <extensions>
          <geotracker:meta c="4.05" s="7.12" />
        </extensions>
      </trkpt>
      <trkpt lat="52.4791" lon="-1.780805">
        <ele>154.6</ele>
        <time>2026-07-22T07:55:38Z</time>
        <extensions>
          <geotracker:meta c="4" s="7.41" />
        </extensions>
      </trkpt>
      <trkpt lat="52.47900667" lon="-1.780985">
        <ele>154.6</ele>
        <time>2026-07-22T07:55:40Z</time>
        <extensions>
          <geotracker:meta c="3.98" s="7.95" />
        </extensions>
      </trkpt>
      <trkpt lat="52.47891" lon="-1.78117">
        <ele>154.7</ele>
        <time>2026-07-22T07:55:42Z</time>
        <extensions>
          <geotracker:meta c="3.98" s="8.25" />
        </extensions>
      </trkpt>
      <trkpt lat="52.47882667" lon="-1.781325">
        <ele>155.5</ele>
        <time>2026-07-22T07:55:44Z</time>
        <extensions>
          <geotracker:meta c="3.98" s="5.72" />
        </extensions>
      </trkpt>
      <trkpt lat="52.478755" lon="-1.78145333">
        <ele>156.2</ele>
        <time>2026-07-22T07:55:47Z</time>
        <extensions>
          <geotracker:meta c="3.97" s="3.22" />
        </extensions>
      </trkpt>
      <trkpt lat="52.47869167" lon="-1.781565">
        <ele>156.8</ele>
        <time>2026-07-22T07:55:51Z</time>
        <extensions>
          <geotracker:meta c="3.93" s="2.31" />
        </extensions>
      </trkpt>
      <trkpt lat="52.478615" lon="-1.78164833">
        <ele>158.6</ele>
        <time>2026-07-22T07:55:58Z</time>
        <extensions>
          <geotracker:meta c="3.65" s="3.31" />
        </extensions>
      </trkpt>
      <trkpt lat="52.47849333" lon="-1.78166667">
        <ele>158.3</ele>
        <time>2026-07-22T07:56:01Z</time>
        <extensions>
          <geotracker:meta c="3.18" s="5.15" />
        </extensions>
      </trkpt>
      <trkpt lat="52.47837667" lon="-1.78163167">
        <ele>158</ele>
        <time>2026-07-22T07:56:04Z</time>
        <extensions>
          <geotracker:meta c="2.81" s="4.36" />
        </extensions>
      </trkpt>
      <trkpt lat="52.47829167" lon="-1.78147167">
        <ele>157.5</ele>
        <time>2026-07-22T07:56:07Z</time>
        <extensions>
          <geotracker:meta c="2.26" s="5.63" />
        </extensions>
      </trkpt>
      <trkpt lat="52.47822" lon="-1.78134667">
        <ele>157.2</ele>
        <time>2026-07-22T07:56:09Z</time>
        <extensions>
          <geotracker:meta c="2.3" s="6.78" />
        </extensions>
      </trkpt>
      <trkpt lat="52.47810833" lon="-1.78118667">
        <ele>156.6</ele>
        <time>2026-07-22T07:56:11Z</time>
        <extensions>
          <geotracker:meta c="2.4" s="8.28" />
        </extensions>
      </trkpt>
      <trkpt lat="52.47797167" lon="-1.78102833">
        <ele>155.5</ele>
        <time>2026-07-22T07:56:13Z</time>
        <extensions>
          <geotracker:meta c="2.54" s="9.88" />
        </extensions>
      </trkpt>
      <trkpt lat="52.477825" lon="-1.78087">
        <ele>154.9</ele>
        <time>2026-07-22T07:56:15Z</time>
        <extensions>
          <geotracker:meta c="2.54" s="10.11" />
        </extensions>
      </trkpt>
      <trkpt lat="52.47774667" lon="-1.78078833">
        <ele>154.5</ele>
        <time>2026-07-22T07:56:16Z</time>
        <extensions>
          <geotracker:meta c="2.55" s="10.51" />
        </extensions>
      </trkpt>
      <trkpt lat="52.47766667" lon="-1.78070167">
        <ele>154.4</ele>
        <time>2026-07-22T07:56:17Z</time>
        <extensions>
          <geotracker:meta c="2.55" s="10.91" />
        </extensions>
      </trkpt>
      <trkpt lat="52.47758333" lon="-1.780615">
        <ele>154.5</ele>
        <time>2026-07-22T07:56:18Z</time>
        <extensions>
          <geotracker:meta c="2.56" s="11.07" />
        </extensions>
      </trkpt>
      <trkpt lat="52.47749667" lon="-1.78053167">
        <ele>154.6</ele>
        <time>2026-07-22T07:56:19Z</time>
        <extensions>
          <geotracker:meta c="2.59" s="11.08" />
        </extensions>
      </trkpt>
      <trkpt lat="52.47740833" lon="-1.780455">
        <ele>154.6</ele>
        <time>2026-07-22T07:56:20Z</time>
        <extensions>
          <geotracker:meta c="2.65" s="10.93" />
        </extensions>
      </trkpt>
      <trkpt lat="52.47731833" lon="-1.78039333">
        <ele>154.8</ele>
        <time>2026-07-22T07:56:21Z</time>
        <extensions>
          <geotracker:meta c="2.71" s="10.78" />
        </extensions>
      </trkpt>
      <trkpt lat="52.477225" lon="-1.78034167">
        <ele>155.1</ele>
        <time>2026-07-22T07:56:22Z</time>
        <extensions>
          <geotracker:meta c="2.78" s="10.46" />
        </extensions>
      </trkpt>
      <trkpt lat="52.47713333" lon="-1.7803">
        <ele>155</ele>
        <time>2026-07-22T07:56:23Z</time>
        <extensions>
          <geotracker:meta c="2.85" s="10.44" />
        </extensions>
      </trkpt>
      <trkpt lat="52.47704" lon="-1.78026667">
        <ele>155.2</ele>
        <time>2026-07-22T07:56:24Z</time>
        <extensions>
          <geotracker:meta c="2.92" s="10.73" />
        </extensions>
      </trkpt>
      <trkpt lat="52.47694333" lon="-1.780245">
        <ele>155.5</ele>
        <time>2026-07-22T07:56:25Z</time>
        <extensions>
          <geotracker:meta c="2.99" s="11.13" />
        </extensions>
      </trkpt>
      <trkpt lat="52.47684" lon="-1.78022667">
        <ele>155.3</ele>
        <time>2026-07-22T07:56:26Z</time>
        <extensions>
          <geotracker:meta c="3.04" s="11.58" />
        </extensions>
      </trkpt>
      <trkpt lat="52.47673333" lon="-1.78021833">
        <ele>155.1</ele>
        <time>2026-07-22T07:56:27Z</time>
        <extensions>
          <geotracker:meta c="3.09" s="11.75" />
        </extensions>
      </trkpt>
      <trkpt lat="52.47663" lon="-1.78021333">
        <ele>155.1</ele>
        <time>2026-07-22T07:56:28Z</time>
        <extensions>
          <geotracker:meta c="3.1" s="11.37" />
        </extensions>
      </trkpt>
      <trkpt lat="52.47652833" lon="-1.78021">
        <ele>155.2</ele>
        <time>2026-07-22T07:56:29Z</time>
        <extensions>
          <geotracker:meta c="3.1" s="11.25" />
        </extensions>
      </trkpt>
      <trkpt lat="52.47643" lon="-1.780205">
        <ele>155.2</ele>
        <time>2026-07-22T07:56:30Z</time>
        <extensions>
          <geotracker:meta c="3.1" s="11.11" />
        </extensions>
      </trkpt>
      <trkpt lat="52.47633333" lon="-1.78020167">
        <ele>155.4</ele>
        <time>2026-07-22T07:56:31Z</time>
        <extensions>
          <geotracker:meta c="3.11" s="10.6" />
        </extensions>
      </trkpt>
      <trkpt lat="52.47618167" lon="-1.78019333">
        <ele>156.5</ele>
        <time>2026-07-22T07:56:33Z</time>
        <extensions>
          <geotracker:meta c="3.11" s="8.37" />
        </extensions>
      </trkpt>
      <trkpt lat="52.476085" lon="-1.780185">
        <ele>157.3</ele>
        <time>2026-07-22T07:56:35Z</time>
        <extensions>
          <geotracker:meta c="3.08" s="5.57" />
        </extensions>
      </trkpt>
      <trkpt lat="52.47599833" lon="-1.78006833">
        <ele>157.1</ele>
        <time>2026-07-22T07:56:38Z</time>
        <extensions>
          <geotracker:meta c="2.21" s="3.89" />
        </extensions>
      </trkpt>
      <trkpt lat="52.475975" lon="-1.77989667">
        <ele>155.6</ele>
        <time>2026-07-22T07:56:41Z</time>
        <extensions>
          <geotracker:meta c="1.67" s="3.9" />
        </extensions>
      </trkpt>
      <trkpt lat="52.47596" lon="-1.77975">
        <ele>155.4</ele>
        <time>2026-07-22T07:56:43Z</time>
        <extensions>
          <geotracker:meta c="1.69" s="5.46" />
        </extensions>
      </trkpt>
      <trkpt lat="52.47593667" lon="-1.77955667">
        <ele>155.3</ele>
        <time>2026-07-22T07:56:45Z</time>
        <extensions>
          <geotracker:meta c="1.73" s="6.75" />
        </extensions>
      </trkpt>
      <trkpt lat="52.47590167" lon="-1.779355">
        <ele>154.4</ele>
        <time>2026-07-22T07:56:47Z</time>
        <extensions>
          <geotracker:meta c="1.81" s="7.08" />
        </extensions>
      </trkpt>
      <trkpt lat="52.475855" lon="-1.77915333">
        <ele>154</ele>
        <time>2026-07-22T07:56:49Z</time>
        <extensions>
          <geotracker:meta c="1.91" s="7.1" />
        </extensions>
      </trkpt>
      <trkpt lat="52.47580167" lon="-1.77895333">
        <ele>153.2</ele>
        <time>2026-07-22T07:56:51Z</time>
        <extensions>
          <geotracker:meta c="1.98" s="7.04" />
        </extensions>
      </trkpt>
      <trkpt lat="52.475735" lon="-1.77876333">
        <ele>152.7</ele>
        <time>2026-07-22T07:56:53Z</time>
        <extensions>
          <geotracker:meta c="2.06" s="6.93" />
        </extensions>
      </trkpt>
      <trkpt lat="52.47567667" lon="-1.77861667">
        <ele>152.5</ele>
        <time>2026-07-22T07:56:55Z</time>
        <extensions>
          <geotracker:meta c="2.16" s="6.11" />
        </extensions>
      </trkpt>
      <trkpt lat="52.475615" lon="-1.77849667">
        <ele>152.2</ele>
        <time>2026-07-22T07:56:57Z</time>
        <extensions>
          <geotracker:meta c="2.3" s="4.97" />
        </extensions>
      </trkpt>
      <trkpt lat="52.47555833" lon="-1.77837">
        <ele>152.9</ele>
        <time>2026-07-22T07:56:59Z</time>
        <extensions>
          <geotracker:meta c="2.28" s="5.38" />
        </extensions>
      </trkpt>
      <trkpt lat="52.47550167" lon="-1.77824667">
        <ele>152.4</ele>
        <time>2026-07-22T07:57:01Z</time>
        <extensions>
          <geotracker:meta c="2.24" s="5.27" />
        </extensions>
      </trkpt>
      <trkpt lat="52.47544333" lon="-1.77812">
        <ele>151.6</ele>
        <time>2026-07-22T07:57:03Z</time>
        <extensions>
          <geotracker:meta c="2.25" s="5.62" />
        </extensions>
      </trkpt>
      <trkpt lat="52.47537333" lon="-1.77797833">
        <ele>151</ele>
        <time>2026-07-22T07:57:05Z</time>
        <extensions>
          <geotracker:meta c="2.27" s="6.45" />
        </extensions>
      </trkpt>
      <trkpt lat="52.47529833" lon="-1.77782167">
        <ele>150.6</ele>
        <time>2026-07-22T07:57:07Z</time>
        <extensions>
          <geotracker:meta c="2.26" s="7.2" />
        </extensions>
      </trkpt>
      <trkpt lat="52.475215" lon="-1.77765333">
        <ele>150.6</ele>
        <time>2026-07-22T07:57:09Z</time>
        <extensions>
          <geotracker:meta c="2.26" s="7.44" />
        </extensions>
      </trkpt>
      <trkpt lat="52.47512667" lon="-1.77748833">
        <ele>150.1</ele>
        <time>2026-07-22T07:57:11Z</time>
        <extensions>
          <geotracker:meta c="2.28" s="7.48" />
        </extensions>
      </trkpt>
      <trkpt lat="52.475045" lon="-1.77731833">
        <ele>149.9</ele>
        <time>2026-07-22T07:57:13Z</time>
        <extensions>
          <geotracker:meta c="2.26" s="7.54" />
        </extensions>
      </trkpt>
      <trkpt lat="52.47496167" lon="-1.77714667">
        <ele>149.9</ele>
        <time>2026-07-22T07:57:15Z</time>
        <extensions>
          <geotracker:meta c="2.27" s="7.42" />
        </extensions>
      </trkpt>
      <trkpt lat="52.47486833" lon="-1.77698">
        <ele>150.2</ele>
        <time>2026-07-22T07:57:17Z</time>
        <extensions>
          <geotracker:meta c="2.27" s="7.58" />
        </extensions>
      </trkpt>
      <trkpt lat="52.47478" lon="-1.77681167">
        <ele>150.1</ele>
        <time>2026-07-22T07:57:19Z</time>
        <extensions>
          <geotracker:meta c="2.25" s="7.36" />
        </extensions>
      </trkpt>
      <trkpt lat="52.47470333" lon="-1.77664333">
        <ele>150.7</ele>
        <time>2026-07-22T07:57:21Z</time>
        <extensions>
          <geotracker:meta c="2.28" s="7" />
        </extensions>
      </trkpt>
      <trkpt lat="52.474635" lon="-1.776515">
        <ele>150.2</ele>
        <time>2026-07-22T07:57:23Z</time>
        <extensions>
          <geotracker:meta c="2.27" s="4.87" />
        </extensions>
      </trkpt>
      <trkpt lat="52.47454167" lon="-1.77633833">
        <ele>149.1</ele>
        <time>2026-07-22T07:57:26Z</time>
        <extensions>
          <geotracker:meta c="2.28" s="6.03" />
        </extensions>
      </trkpt>
      <trkpt lat="52.47446167" lon="-1.77618">
        <ele>148.8</ele>
        <time>2026-07-22T07:57:28Z</time>
        <extensions>
          <geotracker:meta c="2.25" s="7.22" />
        </extensions>
      </trkpt>
      <trkpt lat="52.47438167" lon="-1.77601667">
        <ele>149.3</ele>
        <time>2026-07-22T07:57:30Z</time>
        <extensions>
          <geotracker:meta c="2.27" s="6.9" />
        </extensions>
      </trkpt>
      <trkpt lat="52.474305" lon="-1.77586667">
        <ele>149.2</ele>
        <time>2026-07-22T07:57:32Z</time>
        <extensions>
          <geotracker:meta c="2.27" s="6.71" />
        </extensions>
      </trkpt>
      <trkpt lat="52.47422833" lon="-1.77570833">
        <ele>149.6</ele>
        <time>2026-07-22T07:57:34Z</time>
        <extensions>
          <geotracker:meta c="2.25" s="6.97" />
        </extensions>
      </trkpt>
      <trkpt lat="52.47415667" lon="-1.77555">
        <ele>150.2</ele>
        <time>2026-07-22T07:57:36Z</time>
        <extensions>
          <geotracker:meta c="2.27" s="6.79" />
        </extensions>
      </trkpt>
      <trkpt lat="52.47407833" lon="-1.77539">
        <ele>151.1</ele>
        <time>2026-07-22T07:57:38Z</time>
        <extensions>
          <geotracker:meta c="2.28" s="7.23" />
        </extensions>
      </trkpt>
      <trkpt lat="52.47399333" lon="-1.77523">
        <ele>151.8</ele>
        <time>2026-07-22T07:57:40Z</time>
        <extensions>
          <geotracker:meta c="2.29" s="7.12" />
        </extensions>
      </trkpt>
      <trkpt lat="52.47391167" lon="-1.77506167">
        <ele>151.8</ele>
        <time>2026-07-22T07:57:42Z</time>
        <extensions>
          <geotracker:meta c="2.24" s="7.41" />
        </extensions>
      </trkpt>
      <trkpt lat="52.47383" lon="-1.774905">
        <ele>151.7</ele>
        <time>2026-07-22T07:57:44Z</time>
        <extensions>
          <geotracker:meta c="2.27" s="6.78" />
        </extensions>
      </trkpt>
      <trkpt lat="52.47375833" lon="-1.77476">
        <ele>151.7</ele>
        <time>2026-07-22T07:57:46Z</time>
        <extensions>
          <geotracker:meta c="2.23" s="6" />
        </extensions>
      </trkpt>
      <trkpt lat="52.47368667" lon="-1.77462">
        <ele>151.2</ele>
        <time>2026-07-22T07:57:49Z</time>
        <extensions>
          <geotracker:meta c="2.28" s="3.9" />
        </extensions>
      </trkpt>
      <trkpt lat="52.473635" lon="-1.77449333">
        <ele>151.2</ele>
        <time>2026-07-22T07:57:52Z</time>
        <extensions>
          <geotracker:meta c="2.14" s="3.3" />
        </extensions>
      </trkpt>
      <trkpt lat="52.47357667" lon="-1.77437">
        <ele>151.1</ele>
        <time>2026-07-22T07:57:55Z</time>
        <extensions>
          <geotracker:meta c="2.28" s="3.39" />
        </extensions>
      </trkpt>
      <trkpt lat="52.47349" lon="-1.774205">
        <ele>150.8</ele>
        <time>2026-07-22T07:57:58Z</time>
        <extensions>
          <geotracker:meta c="2.3" s="4.99" />
        </extensions>
      </trkpt>
      <trkpt lat="52.473415" lon="-1.77407667">
        <ele>150.7</ele>
        <time>2026-07-22T07:58:00Z</time>
        <extensions>
          <geotracker:meta c="2.34" s="6.04" />
        </extensions>
      </trkpt>
      <trkpt lat="52.47333167" lon="-1.77393">
        <ele>150.7</ele>
        <time>2026-07-22T07:58:02Z</time>
        <extensions>
          <geotracker:meta c="2.31" s="6.85" />
        </extensions>
      </trkpt>
      <trkpt lat="52.47325333" lon="-1.77376333">
        <ele>150.2</ele>
        <time>2026-07-22T07:58:04Z</time>
        <extensions>
          <geotracker:meta c="2.26" s="7.63" />
        </extensions>
      </trkpt>
      <trkpt lat="52.47317" lon="-1.77359167">
        <ele>150.9</ele>
        <time>2026-07-22T07:58:06Z</time>
        <extensions>
          <geotracker:meta c="2.28" s="7.48" />
        </extensions>
      </trkpt>
      <trkpt lat="52.47308333" lon="-1.77342167">
        <ele>151.9</ele>
        <time>2026-07-22T07:58:08Z</time>
        <extensions>
          <geotracker:meta c="2.27" s="7.62" />
        </extensions>
      </trkpt>
      <trkpt lat="52.472995" lon="-1.77324167">
        <ele>151.4</ele>
        <time>2026-07-22T07:58:10Z</time>
        <extensions>
          <geotracker:meta c="2.28" s="7.97" />
        </extensions>
      </trkpt>
      <trkpt lat="52.47290667" lon="-1.77306667">
        <ele>150.9</ele>
        <time>2026-07-22T07:58:12Z</time>
        <extensions>
          <geotracker:meta c="2.3" s="7.64" />
        </extensions>
      </trkpt>
      <trkpt lat="52.47281833" lon="-1.772905">
        <ele>151</ele>
        <time>2026-07-22T07:58:14Z</time>
        <extensions>
          <geotracker:meta c="2.27" s="7.17" />
        </extensions>
      </trkpt>
      <trkpt lat="52.47274333" lon="-1.772755">
        <ele>150.9</ele>
        <time>2026-07-22T07:58:16Z</time>
        <extensions>
          <geotracker:meta c="2.25" s="6.68" />
        </extensions>
      </trkpt>
      <trkpt lat="52.47267333" lon="-1.77261333">
        <ele>150.8</ele>
        <time>2026-07-22T07:58:18Z</time>
        <extensions>
          <geotracker:meta c="2.23" s="6.25" />
        </extensions>
      </trkpt>
      <trkpt lat="52.47261333" lon="-1.772475">
        <ele>150.6</ele>
        <time>2026-07-22T07:58:20Z</time>
        <extensions>
          <geotracker:meta c="2.17" s="5.89" />
        </extensions>
      </trkpt>
      <trkpt lat="52.47254" lon="-1.77233">
        <ele>150.6</ele>
        <time>2026-07-22T07:58:23Z</time>
        <extensions>
          <geotracker:meta c="2.2" s="3.79" />
        </extensions>
      </trkpt>
      <trkpt lat="52.47254" lon="-1.77215333">
        <ele>150.4</ele>
        <time>2026-07-22T07:58:27Z</time>
        <extensions>
          <geotracker:meta c="1.19" s="3.11" />
        </extensions>
      </trkpt>
      <trkpt lat="52.47261333" lon="-1.77203667">
        <ele>149.7</ele>
        <time>2026-07-22T07:58:32Z</time>
        <extensions>
          <geotracker:meta c="0.7" s="1.92" />
        </extensions>
      </trkpt>
      <trkpt lat="52.47270167" lon="-1.77192667">
        <ele>149.7</ele>
        <time>2026-07-22T07:58:36Z</time>
        <extensions>
          <geotracker:meta c="0.69" s="3.16" />
        </extensions>
      </trkpt>
      <trkpt lat="52.47278333" lon="-1.77182">
        <ele>150.1</ele>
        <time>2026-07-22T07:58:40Z</time>
        <extensions>
          <geotracker:meta c="0.7" s="2.49" />
        </extensions>
      </trkpt>
      <trkpt lat="52.47283833" lon="-1.771605">
        <ele>151.6</ele>
        <time>2026-07-22T07:59:07Z</time>
        <extensions>
          <geotracker:meta c="2.27" s="0.19" />
        </extensions>
      </trkpt>
      <trkpt lat="52.472815" lon="-1.77164167">
        <ele>146.8</ele>
        <time>2026-07-22T08:01:08Z</time>
        <extensions>
          <geotracker:meta c="5.78" s="0" />
        </extensions>
      </trkpt>
      <trkpt lat="52.47262833" lon="-1.77194833">
        <ele>146.4</ele>
        <time>2026-07-22T08:01:58Z</time>
        <extensions>
          <geotracker:meta c="3.8" s="2.89" />
        </extensions>
      </trkpt>
      <trkpt lat="52.47255667" lon="-1.77205333">
        <ele>148.1</ele>
        <time>2026-07-22T08:02:02Z</time>
        <extensions>
          <geotracker:meta c="3.81" s="3.36" />
        </extensions>
      </trkpt>
      <trkpt lat="52.47248167" lon="-1.77215333">
        <ele>149.7</ele>
        <time>2026-07-22T08:02:07Z</time>
        <extensions>
          <geotracker:meta c="4.16" s="2.4" />
        </extensions>
      </trkpt>
      <trkpt lat="52.47249" lon="-1.77231833">
        <ele>147.8</ele>
        <time>2026-07-22T08:02:11Z</time>
        <extensions>
          <geotracker:meta c="5.32" s="2.3" />
        </extensions>
      </trkpt>
      <trkpt lat="52.47256167" lon="-1.77245667">
        <ele>146.5</ele>
        <time>2026-07-22T08:02:15Z</time>
        <extensions>
          <geotracker:meta c="5.32" s="2.39" />
        </extensions>
      </trkpt>
      <trkpt lat="52.47262833" lon="-1.77259167">
        <ele>146.1</ele>
        <time>2026-07-22T08:02:19Z</time>
        <extensions>
          <geotracker:meta c="5.45" s="2.96" />
        </extensions>
      </trkpt>
    </trkseg>
  </trk>
</gpx>